date,model,actual,forecast,error,abs_error
2024-09-01,Naive baseline,2.4264830315416708,2.607144490692037,-0.18066145915036635,0.18066145915036635
2024-10-01,Naive baseline,2.578844053871343,2.4264830315416708,0.1523610223296723,0.1523610223296723
2024-11-01,Naive baseline,2.719472461284833,2.578844053871343,0.14062840741349003,0.14062840741349003
2024-12-01,Naive baseline,2.870690967509981,2.719472461284833,0.1512185062251481,0.1512185062251481
2025-01-01,Naive baseline,2.9909783078999608,2.870690967509981,0.12028734038997957,0.12028734038997957
2025-02-01,Naive baseline,2.8015834477613355,2.9909783078999608,-0.18939486013862528,0.18939486013862528
2025-03-01,Naive baseline,2.381981462805549,2.8015834477613355,-0.4196019849557864,0.4196019849557864
2025-04-01,Naive baseline,2.32538823025783,2.381981462805549,-0.0565932325477192,0.0565932325477192
2025-05-01,Naive baseline,2.3772651073680873,2.32538823025783,0.05187687711025735,0.05187687711025735
2025-06-01,Naive baseline,2.680453865910226,2.3772651073680873,0.3031887585421389,0.3031887585421389
2025-07-01,Naive baseline,2.742618052167134,2.680453865910226,0.06216418625690778,0.06216418625690778
2025-08-01,Naive baseline,2.9385917430316155,2.742618052167134,0.19597369086448158,0.19597369086448158
2025-09-01,Naive baseline,3.0225715847133294,2.9385917430316155,0.08397984168171391,0.08397984168171391
2025-10-01,Naive baseline,2.8587179332828505,3.0225715847133294,-0.16385365143047892,0.16385365143047892
2025-11-01,Naive baseline,2.6964439164939513,2.8587179332828505,-0.1622740167888992,0.1622740167888992
2025-12-01,Naive baseline,2.653304114557753,2.6964439164939513,-0.043139801936198374,0.043139801936198374
2026-01-01,Naive baseline,2.391201432150014,2.653304114557753,-0.2621026824077388,0.2621026824077388
2026-02-01,Naive baseline,2.4340041103732224,2.391201432150014,0.04280267822320827,0.04280267822320827
2026-03-01,Naive baseline,3.2859577528651984,2.4340041103732224,0.851953642491976,0.851953642491976
2026-04-01,Naive baseline,3.7792458367415627,3.2859577528651984,0.49328808387636425,0.49328808387636425
2026-05-01,Naive baseline,4.166614684049641,3.7792458367415627,0.3873688473080783,0.3873688473080783
2026-06-01,Naive baseline,3.463530729385411,4.166614684049641,-0.7030839546642298,0.7030839546642298
2026-07-01,Naive baseline,3.303856050706311,3.463530729385411,-0.15967467867910035,0.15967467867910035
2026-08-01,Naive baseline,3.353016322755642,3.303856050706311,0.049160272049331155,0.049160272049331155
2024-09-01,"ARIMA(1, 0, 0)",2.4264830315416708,2.6221284918526093,-0.19564546031093855,0.19564546031093855
2024-10-01,"ARIMA(1, 0, 0)",2.578844053871343,2.4431596692466258,0.13568438462471732,0.13568438462471732
2024-11-01,"ARIMA(1, 0, 0)",2.719472461284833,2.5940720006647737,0.12540046062005938,0.12540046062005938
2024-12-01,"ARIMA(1, 0, 0)",2.870690967509981,2.7333575652754805,0.13733340223450075,0.13733340223450075
2025-01-01,"ARIMA(1, 0, 0)",2.9909783078999608,2.88312880365731,0.1078495042426506,0.1078495042426506
2025-02-01,"ARIMA(1, 0, 0)",2.8015834477613355,3.0022608730720846,-0.20067742531074906,0.20067742531074906
2025-03-01,"ARIMA(1, 0, 0)",2.381981462805549,2.8146657198927514,-0.43268425708720226,0.43268425708720226
2025-04-01,"ARIMA(1, 0, 0)",2.32538823025783,2.399028732900863,-0.07364050264303312,0.07364050264303312
2025-05-01,"ARIMA(1, 0, 0)",2.3772651073680873,2.342950923363417,0.034314184004670345,0.034314184004670345
2025-06-01,"ARIMA(1, 0, 0)",2.680453865910226,2.3943259869356623,0.2861278789745638,0.2861278789745638
2025-07-01,"ARIMA(1, 0, 0)",2.742618052167134,2.694643675314318,0.047974376852816025,0.047974376852816025
2025-08-01,"ARIMA(1, 0, 0)",2.9385917430316155,2.7562073371471234,0.18238440588449212,0.18238440588449212
2025-09-01,"ARIMA(1, 0, 0)",3.0225715847133294,2.9503054552158634,0.07226612949746603,0.07226612949746603
2025-10-01,"ARIMA(1, 0, 0)",2.8587179332828505,3.033475729231516,-0.1747577959486657,0.1747577959486657
2025-11-01,"ARIMA(1, 0, 0)",2.6964439164939513,2.8711812958623937,-0.17473737936844236,0.17473737936844236
2025-12-01,"ARIMA(1, 0, 0)",2.653304114557753,2.7104435945024594,-0.05713947994470647,0.05713947994470647
2026-01-01,"ARIMA(1, 0, 0)",2.391201432150014,2.6677028025092073,-0.2765013703591932,0.2765013703591932
2026-02-01,"ARIMA(1, 0, 0)",2.4340041103732224,2.40806503282845,0.025939077544772537,0.025939077544772537
2026-03-01,"ARIMA(1, 0, 0)",3.2859577528651984,2.45045109916741,0.8355066536977884,0.8355066536977884
2026-04-01,"ARIMA(1, 0, 0)",3.7792458367415627,3.2942798036315906,0.4849660331099721,0.4849660331099721
2026-05-01,"ARIMA(1, 0, 0)",4.166614684049641,3.7827972415636832,0.3838174424859577,0.3838174424859577
2026-06-01,"ARIMA(1, 0, 0)",3.463530729385411,4.166427283180235,-0.7028965537948242,0.7028965537948242
2026-07-01,"ARIMA(1, 0, 0)",3.303856050706311,3.4701332082189076,-0.16627715751259675,0.16627715751259675
2026-08-01,"ARIMA(1, 0, 0)",3.353016322755642,3.3120065102030014,0.04100981255264058,0.04100981255264058
2024-09-01,"ARIMA(0, 0, 1)",2.4264830315416708,2.773625074899685,-0.34714204335801435,0.34714204335801435
2024-10-01,"ARIMA(0, 0, 1)",2.578844053871343,3.1909637572284146,-0.6121197033570716,0.6121197033570716
2024-11-01,"ARIMA(0, 0, 1)",2.719472461284833,2.9246601627130215,-0.20518770142818843,0.20518770142818843
2024-12-01,"ARIMA(0, 0, 1)",2.870690967509981,3.325450566428071,-0.4547595989180899,0.4547595989180899
2025-01-01,"ARIMA(0, 0, 1)",2.9909783078999608,3.079248455418073,-0.08827014751811202,0.08827014751811202
2025-02-01,"ARIMA(0, 0, 1)",2.8015834477613355,3.448418648829316,-0.6468352010679803,0.6468352010679803
2025-03-01,"ARIMA(0, 0, 1)",2.381981462805549,2.887472283761669,-0.50549082095612,0.50549082095612
2025-04-01,"ARIMA(0, 0, 1)",2.32538823025783,3.026972715827062,-0.7015844855692319,0.7015844855692319
2025-05-01,"ARIMA(0, 0, 1)",2.3772651073680873,2.8300727133542525,-0.4528076059861652,0.4528076059861652
2025-06-01,"ARIMA(0, 0, 1)",2.680453865910226,3.0765600010506624,-0.39610613514043624,0.39610613514043624
2025-07-01,"ARIMA(0, 0, 1)",2.742618052167134,3.1322371888697194,-0.3896191367025854,0.3896191367025854
2025-08-01,"ARIMA(0, 0, 1)",2.9385917430316155,3.1384534403907285,-0.19986169735911297,0.19986169735911297
2025-09-01,"ARIMA(0, 0, 1)",3.0225715847133294,3.3265535943911075,-0.3039820096777781,0.3039820096777781
2025-10-01,"ARIMA(0, 0, 1)",2.8587179332828505,3.222023561805444,-0.3633056285225935,0.3633056285225935
2025-11-01,"ARIMA(0, 0, 1)",2.6964439164939513,3.162107455028321,-0.4656635385343697,0.4656635385343697
2025-12-01,"ARIMA(0, 0, 1)",2.653304114557753,3.0596730969081967,-0.4063689823504437,0.4063689823504437
2026-01-01,"ARIMA(0, 0, 1)",2.391201432150014,3.1179975707687393,-0.7267961386187252,0.7267961386187252
2026-02-01,"ARIMA(0, 0, 1)",2.4340041103732224,2.7975978236071235,-0.3635937132339011,0.3635937132339011
2026-03-01,"ARIMA(0, 0, 1)",3.2859577528651984,3.1580044635277424,0.12795328933745598,0.12795328933745598
2026-04-01,"ARIMA(0, 0, 1)",3.7792458367415627,3.647694362155053,0.13155147458650962,0.13155147458650962
2026-05-01,"ARIMA(0, 0, 1)",4.166614684049641,3.651433392707668,0.5151812913419729,0.5151812913419729
2026-06-01,"ARIMA(0, 0, 1)",3.463530729385411,4.034520824690225,-0.5709900953048139,0.5709900953048139
2026-07-01,"ARIMA(0, 0, 1)",3.303856050706311,2.952016821051253,0.35183922965505765,0.35183922965505765
2026-08-01,"ARIMA(0, 0, 1)",3.353016322755642,3.871363033679998,-0.518346710924356,0.518346710924356
2024-09-01,"ARIMA(1, 0, 1)",2.4264830315416708,2.4936553372426564,-0.06717230570098565,0.06717230570098565
2024-10-01,"ARIMA(1, 0, 1)",2.578844053871343,2.4266575916796342,0.15218646219170884,0.15218646219170884
2024-11-01,"ARIMA(1, 0, 1)",2.719472461284833,2.656614068341293,0.06285839294354023,0.06285839294354023
2024-12-01,"ARIMA(1, 0, 1)",2.870690967509981,2.7622564924495023,0.10843447506047887,0.10843447506047887
2025-01-01,"ARIMA(1, 0, 1)",2.9909783078999608,2.9276086880009204,0.06336961989904033,0.06336961989904033
2025-02-01,"ARIMA(1, 0, 1)",2.8015834477613355,3.029410594565175,-0.2278271468038393,0.2278271468038393
2025-03-01,"ARIMA(1, 0, 1)",2.381981462805549,2.7367137735131752,-0.3547323107076261,0.3547323107076261
2025-04-01,"ARIMA(1, 0, 1)",2.32538823025783,2.276844530222161,0.04854370003566899,0.04854370003566899
2025-05-01,"ARIMA(1, 0, 1)",2.3772651073680873,2.3691200200518576,0.008145087316229649,0.008145087316229649
2025-06-01,"ARIMA(1, 0, 1)",2.680453865910226,2.40560431030882,0.27484955560140634,0.27484955560140634
2025-07-01,"ARIMA(1, 0, 1)",2.742618052167134,2.8013123262980493,-0.058694274130915325,0.058694274130915325
2025-08-01,"ARIMA(1, 0, 1)",2.9385917430316155,2.740437603725715,0.1981541393059003,0.1981541393059003
2025-09-01,"ARIMA(1, 0, 1)",3.0225715847133294,3.027019777603946,-0.004448192890616376,0.004448192890616376
2025-10-01,"ARIMA(1, 0, 1)",2.8587179332828505,3.035531967993347,-0.1768140347104965,0.1768140347104965
2025-11-01,"ARIMA(1, 0, 1)",2.6964439164939513,2.8113705715670463,-0.11492665507309496,0.11492665507309496
2025-12-01,"ARIMA(1, 0, 1)",2.653304114557753,2.674392945198142,-0.021088830640389133,0.021088830640389133
2026-01-01,"ARIMA(1, 0, 1)",2.391201432150014,2.666260649541158,-0.2750592173911439,0.2750592173911439
2026-02-01,"ARIMA(1, 0, 1)",2.4340041103732224,2.3149065041006276,0.1190976062725948,0.1190976062725948
2026-03-01,"ARIMA(1, 0, 1)",3.2859577528651984,2.5015200667190456,0.7844376861461528,0.7844376861461528
2026-04-01,"ARIMA(1, 0, 1)",3.7792458367415627,3.583361547011678,0.19588428972988448,0.19588428972988448
2026-05-01,"ARIMA(1, 0, 1)",4.166614684049641,3.8527946541743794,0.3138200298752616,0.3138200298752616
2026-06-01,"ARIMA(1, 0, 1)",3.463530729385411,4.277068673130031,-0.8135379437446195,0.8135379437446195
2026-07-01,"ARIMA(1, 0, 1)",3.303856050706311,3.1732598938769834,0.13059615682932746,0.13059615682932746
2026-08-01,"ARIMA(1, 0, 1)",3.353016322755642,3.361166202555452,-0.008149879799809856,0.008149879799809856
2024-09-01,"ARIMA(2, 0, 1)",2.4264830315416708,2.4915533071523255,-0.0650702756106547,0.0650702756106547
2024-10-01,"ARIMA(2, 0, 1)",2.578844053871343,2.365637021400145,0.21320703247119788,0.21320703247119788
2024-11-01,"ARIMA(2, 0, 1)",2.719472461284833,2.652504639139897,0.06696782214493613,0.06696782214493613
2024-12-01,"ARIMA(2, 0, 1)",2.870690967509981,2.7970950535724186,0.0735959139375626,0.0735959139375626
2025-01-01,"ARIMA(2, 0, 1)",2.9909783078999608,2.950515485256977,0.04046282264298373,0.04046282264298373
2025-02-01,"ARIMA(2, 0, 1)",2.8015834477613355,3.056864813155704,-0.25528136539436863,0.25528136539436863
2025-03-01,"ARIMA(2, 0, 1)",2.381981462805549,2.7456629644211508,-0.36368150161560164,0.36368150161560164
2025-04-01,"ARIMA(2, 0, 1)",2.32538823025783,2.231271838828844,0.09411639142898576,0.09411639142898576
2025-05-01,"ARIMA(2, 0, 1)",2.3772651073680873,2.313085517450223,0.0641795899178641,0.0641795899178641
2025-06-01,"ARIMA(2, 0, 1)",2.680453865910226,2.4175972169078452,0.2628566490023809,0.2628566490023809
2025-07-01,"ARIMA(2, 0, 1)",2.742618052167134,2.820895352903841,-0.07827730073670702,0.07827730073670702
2025-08-01,"ARIMA(2, 0, 1)",2.9385917430316155,2.7930671120053323,0.1455246310262832,0.1455246310262832
2025-09-01,"ARIMA(2, 0, 1)",3.0225715847133294,3.033086825952537,-0.010515241239207551,0.010515241239207551
2025-10-01,"ARIMA(2, 0, 1)",2.8587179332828505,3.074326908200951,-0.2156089749181005,0.2156089749181005
2025-11-01,"ARIMA(2, 0, 1)",2.6964439164939513,2.8110554666470304,-0.11461155015307911,0.11461155015307911
2025-12-01,"ARIMA(2, 0, 1)",2.653304114557753,2.6441925807415645,0.009111533816188455,0.009111533816188455
2026-01-01,"ARIMA(2, 0, 1)",2.391201432150014,2.649440076918548,-0.2582386447685341,0.2582386447685341
2026-02-01,"ARIMA(2, 0, 1)",2.4340041103732224,2.3067551859994606,0.12724892437376178,0.12724892437376178
2026-03-01,"ARIMA(2, 0, 1)",3.2859577528651984,2.464448207901172,0.8215095449640266,0.8215095449640266
2026-04-01,"ARIMA(2, 0, 1)",3.7792458367415627,3.6358544360156735,0.14339140072588918,0.14339140072588918
2026-05-01,"ARIMA(2, 0, 1)",4.166614684049641,3.9999250121353107,0.16668967191433026,0.16668967191433026
2026-06-01,"ARIMA(2, 0, 1)",3.463530729385411,4.33100975896364,-0.8674790295782291,0.8674790295782291
2026-07-01,"ARIMA(2, 0, 1)",3.303856050706311,3.197752777121437,0.10610327358487393,0.10610327358487393
2026-08-01,"ARIMA(2, 0, 1)",3.353016322755642,3.230720053476575,0.122296269279067,0.122296269279067
2024-09-01,"ARIMA(1, 0, 2)",2.4264830315416708,2.503947317773939,-0.07746428623226809,0.07746428623226809
2024-10-01,"ARIMA(1, 0, 2)",2.578844053871343,2.376691517499404,0.2021525363719392,0.2021525363719392
2024-11-01,"ARIMA(1, 0, 2)",2.719472461284833,2.675477686877885,0.04399477440694799,0.04399477440694799
2024-12-01,"ARIMA(1, 0, 2)",2.870690967509981,2.7897462039400223,0.08094476356995894,0.08094476356995894
2025-01-01,"ARIMA(1, 0, 2)",2.9909783078999608,2.9300291503893403,0.060949157510620466,0.060949157510620466
2025-02-01,"ARIMA(1, 0, 2)",2.8015834477613355,3.0450553762066845,-0.24347192844534904,0.24347192844534904
2025-03-01,"ARIMA(1, 0, 2)",2.381981462805549,2.7349539875545448,-0.35297252474899565,0.35297252474899565
2025-04-01,"ARIMA(1, 0, 2)",2.32538823025783,2.236764264694952,0.08862396556287777,0.08862396556287777
2025-05-01,"ARIMA(1, 0, 2)",2.3772651073680873,2.3426057475751376,0.03465935979294965,0.03465935979294965
2025-06-01,"ARIMA(1, 0, 2)",2.680453865910226,2.4346291342556317,0.2458247316545945,0.2458247316545945
2025-07-01,"ARIMA(1, 0, 2)",2.742618052167134,2.8083813717897046,-0.06576331962257065,0.06576331962257065
2025-08-01,"ARIMA(1, 0, 2)",2.9385917430316155,2.7745648878126477,0.16402685521896787,0.16402685521896787
2025-09-01,"ARIMA(1, 0, 2)",3.0225715847133294,3.013928026475684,0.008643558237645621,0.008643558237645621
2025-10-01,"ARIMA(1, 0, 2)",2.8587179332828505,3.066757182278282,-0.2080392489954317,0.2080392489954317
2025-11-01,"ARIMA(1, 0, 2)",2.6964439164939513,2.7973699502688563,-0.10092603377490494,0.10092603377490494
2025-12-01,"ARIMA(1, 0, 2)",2.653304114557753,2.6504397190281423,0.002864395529610597,0.002864395529610597
2026-01-01,"ARIMA(1, 0, 2)",2.391201432150014,2.665028232454187,-0.27382680030417283,0.27382680030417283
2026-02-01,"ARIMA(1, 0, 2)",2.4340041103732224,2.312378398601761,0.1216257117714612,0.1216257117714612
2026-03-01,"ARIMA(1, 0, 2)",3.2859577528651984,2.4730977686761966,0.8128599841890018,0.8128599841890018
2026-04-01,"ARIMA(1, 0, 2)",3.7792458367415627,3.6407226946491122,0.13852314209245042,0.13852314209245042
2026-05-01,"ARIMA(1, 0, 2)",4.166614684049641,3.9511107170430755,0.2155039670065655,0.2155039670065655
2026-06-01,"ARIMA(1, 0, 2)",3.463530729385411,4.265547419855435,-0.8020166904700234,0.8020166904700234
2026-07-01,"ARIMA(1, 0, 2)",3.303856050706311,3.18044660127571,0.12340944943060084,0.12340944943060084
2026-08-01,"ARIMA(1, 0, 2)",3.353016322755642,3.2490911421282815,0.10392518062736045,0.10392518062736045
2024-09-01,"ARIMA(2, 0, 2)",2.4264830315416708,2.474259795958724,-0.04777676441705303,0.04777676441705303
2024-10-01,"ARIMA(2, 0, 2)",2.578844053871343,2.3708655585848866,0.2079784952864565,0.2079784952864565
2024-11-01,"ARIMA(2, 0, 2)",2.719472461284833,2.6256059785928447,0.09386648269198838,0.09386648269198838
2024-12-01,"ARIMA(2, 0, 2)",2.870690967509981,2.758279163796767,0.11241180371321402,0.11241180371321402
2025-01-01,"ARIMA(2, 0, 2)",2.9909783078999608,2.93210850790447,0.0588697999954908,0.0588697999954908
2025-02-01,"ARIMA(2, 0, 2)",2.8015834477613355,3.0473151950649617,-0.24573174730362624,0.24573174730362624
2025-03-01,"ARIMA(2, 0, 2)",2.381981462805549,2.7523202477190667,-0.37033878491351757,0.37033878491351757
2025-04-01,"ARIMA(2, 0, 2)",2.32538823025783,2.260887720027467,0.06450051023036307,0.06450051023036307
2025-05-01,"ARIMA(2, 0, 2)",2.3772651073680873,2.3307483090955916,0.04651679827249566,0.04651679827249566
2025-06-01,"ARIMA(2, 0, 2)",2.680453865910226,2.3945102787113095,0.28594358719891666,0.28594358719891666
2025-07-01,"ARIMA(2, 0, 2)",2.742618052167134,2.7989489619326164,-0.056330909765482495,0.056330909765482495
2025-08-01,"ARIMA(2, 0, 2)",2.9385917430316155,2.770726037838835,0.16786570519278055,0.16786570519278055
2025-09-01,"ARIMA(2, 0, 2)",3.0225715847133294,3.0420213755005157,-0.019449790787186227,0.019449790787186227
2025-10-01,"ARIMA(2, 0, 2)",2.8587179332828505,3.0741424980562435,-0.215424564773393,0.215424564773393
2025-11-01,"ARIMA(2, 0, 2)",2.6964439164939513,2.832375291455638,-0.13593137496168683,0.13593137496168683
2025-12-01,"ARIMA(2, 0, 2)",2.653304114557753,2.6742460988838754,-0.020941984326122487,0.020941984326122487
2026-01-01,"ARIMA(2, 0, 2)",2.391201432150014,2.661334950708296,-0.27013351855828205,0.27013351855828205
2026-02-01,"ARIMA(2, 0, 2)",2.4340041103732224,2.3102453336926496,0.12375877668057278,0.12375877668057278
2026-03-01,"ARIMA(2, 0, 2)",3.2859577528651984,2.474556859675419,0.8114008931897794,0.8114008931897794
2026-04-01,"ARIMA(2, 0, 2)",3.7792458367415627,3.600758018613228,0.17848781812833447,0.17848781812833447
2026-05-01,"ARIMA(2, 0, 2)",4.166614684049641,3.947435459142133,0.21917922490750819,0.21917922490750819
2026-06-01,"ARIMA(2, 0, 2)",3.463530729385411,4.35359502340464,-0.8900642940192292,0.8900642940192292
2026-07-01,"ARIMA(2, 0, 2)",3.303856050706311,3.2478089335579914,0.05604711714831945,0.05604711714831945
2026-08-01,"ARIMA(2, 0, 2)",3.353016322755642,3.327220742790003,0.02579557996563908,0.02579557996563908
2024-09-01,"ARIMA(1, 1, 1)",2.4264830315416708,2.4741410765629013,-0.0476580450212305,0.0476580450212305
2024-10-01,"ARIMA(1, 1, 1)",2.578844053871343,2.3500084603111295,0.22883559356021355,0.22883559356021355
2024-11-01,"ARIMA(1, 1, 1)",2.719472461284833,2.63647656846995,0.08299589281488329,0.08299589281488329
2024-12-01,"ARIMA(1, 1, 1)",2.870690967509981,2.777240381090831,0.09345058641915038,0.09345058641915038
2025-01-01,"ARIMA(1, 1, 1)",2.9909783078999608,2.9326741097849816,0.05830419811497922,0.05830419811497922
2025-02-01,"ARIMA(1, 1, 1)",2.8015834477613355,3.040860893537464,-0.23927744577612842,0.23927744577612842
2025-03-01,"ARIMA(1, 1, 1)",2.381981462805549,2.7282749133707798,-0.34629345056523064,0.34629345056523064
2025-04-01,"ARIMA(1, 1, 1)",2.32538823025783,2.2129786955381396,0.11240953471969028,0.11240953471969028
2025-05-01,"ARIMA(1, 1, 1)",2.3772651073680873,2.2972412566424114,0.08002385072567586,0.08002385072567586
2025-06-01,"ARIMA(1, 1, 1)",2.680453865910226,2.3969127695588233,0.2835410963514029,0.2835410963514029
2025-07-01,"ARIMA(1, 1, 1)",2.742618052167134,2.8014138796728174,-0.05879582750568346,0.05879582750568346
2025-08-01,"ARIMA(1, 1, 1)",2.9385917430316155,2.7712378346081743,0.16735390842344122,0.16735390842344122
2025-09-01,"ARIMA(1, 1, 1)",3.0225715847133294,3.01728957596456,0.0052820087487694956,0.0052820087487694956
2025-10-01,"ARIMA(1, 1, 1)",2.8587179332828505,3.058524015954946,-0.19980608267209554,0.19980608267209554
2025-11-01,"ARIMA(1, 1, 1)",2.6964439164939513,2.794906351674777,-0.09846243518082565,0.09846243518082565
2025-12-01,"ARIMA(1, 1, 1)",2.653304114557753,2.6299673984363245,0.023336716121428402,0.023336716121428402
2026-01-01,"ARIMA(1, 1, 1)",2.391201432150014,2.634017285762856,-0.24281585361284197,0.24281585361284197
2026-02-01,"ARIMA(1, 1, 1)",2.4340041103732224,2.286572075074998,0.14743203529822457,0.14743203529822457
2026-03-01,"ARIMA(1, 1, 1)",3.2859577528651984,2.4474769649052335,0.838480787959965,0.838480787959965
2026-04-01,"ARIMA(1, 1, 1)",3.7792458367415627,3.6249059535101433,0.15433988323141934,0.15433988323141934
2026-05-01,"ARIMA(1, 1, 1)",4.166614684049641,3.9852825963539753,0.18133208769566567,0.18133208769566567
2026-06-01,"ARIMA(1, 1, 1)",3.463530729385411,4.327207267401016,-0.8636765380156044,0.8636765380156044
2026-07-01,"ARIMA(1, 1, 1)",3.303856050706311,3.1879824035895656,0.1158736471167452,0.1158736471167452
2026-08-01,"ARIMA(1, 1, 1)",3.353016322755642,3.2333107537663857,0.11970556898925633,0.11970556898925633
2024-09-01,"ARIMA(2, 1, 1)",2.4264830315416708,2.4701021724594003,-0.04361914091772956,0.04361914091772956
2024-10-01,"ARIMA(2, 1, 1)",2.578844053871343,2.342541421051462,0.23630263281988118,0.23630263281988118
2024-11-01,"ARIMA(2, 1, 1)",2.719472461284833,2.6224823312170735,0.09699013006775958,0.09699013006775958
2024-12-01,"ARIMA(2, 1, 1)",2.870690967509981,2.7660132475392736,0.10467771997070763,0.10467771997070763
2025-01-01,"ARIMA(2, 1, 1)",2.9909783078999608,2.9266105580813497,0.06436774981861104,0.06436774981861104
2025-02-01,"ARIMA(2, 1, 1)",2.8015834477613355,3.039200450243343,-0.23761700248200768,0.23761700248200768
2025-03-01,"ARIMA(2, 1, 1)",2.381981462805549,2.732811544944308,-0.35083008213875866,0.35083008213875866
2025-04-01,"ARIMA(2, 1, 1)",2.32538823025783,2.218650079491963,0.1067381507658669,0.1067381507658669
2025-05-01,"ARIMA(2, 1, 1)",2.3772651073680873,2.292545414135853,0.08471969323223405,0.08471969323223405
2025-06-01,"ARIMA(2, 1, 1)",2.680453865910226,2.3876268087008095,0.2928270572094167,0.2928270572094167
2025-07-01,"ARIMA(2, 1, 1)",2.742618052167134,2.791470432933302,-0.048852380766168046,0.048852380766168046
2025-08-01,"ARIMA(2, 1, 1)",2.9385917430316155,2.769213897367151,0.16937784566446457,0.16937784566446457
2025-09-01,"ARIMA(2, 1, 1)",3.0225715847133294,3.0176786667492137,0.004892917964115728,0.004892917964115728
2025-10-01,"ARIMA(2, 1, 1)",2.8587179332828505,3.062230394481992,-0.20351246119914146,0.20351246119914146
2025-11-01,"ARIMA(2, 1, 1)",2.6964439164939513,2.802923606107357,-0.1064796896134057,0.1064796896134057
2025-12-01,"ARIMA(2, 1, 1)",2.653304114557753,2.6355523709017925,0.01775174365596044,0.01775174365596044
2026-01-01,"ARIMA(2, 1, 1)",2.391201432150014,2.6341616839119903,-0.24296025176197622,0.24296025176197622
2026-02-01,"ARIMA(2, 1, 1)",2.4340041103732224,2.2871086951267587,0.14689541524646366,0.14689541524646366
2026-03-01,"ARIMA(2, 1, 1)",3.2859577528651984,2.4421471237522034,0.843810629112995,0.843810629112995
2026-04-01,"ARIMA(2, 1, 1)",3.7792458367415627,3.626903412406527,0.15234242433503553,0.15234242433503553
2026-05-01,"ARIMA(2, 1, 1)",4.166614684049641,3.982284267948201,0.18433041610144008,0.18433041610144008
2026-06-01,"ARIMA(2, 1, 1)",3.463530729385411,4.324170413124464,-0.8606396837390529,0.8606396837390529
2026-07-01,"ARIMA(2, 1, 1)",3.303856050706311,3.1850716820636613,0.11878436864264952,0.11878436864264952
2026-08-01,"ARIMA(2, 1, 1)",3.353016322755642,3.234863839102031,0.1181524836536112,0.1181524836536112
2024-09-01,"ARIMA(1, 1, 2)",2.4264830315416708,2.460465994516571,-0.03398296297490022,0.03398296297490022
2024-10-01,"ARIMA(1, 1, 2)",2.578844053871343,2.3541062935772183,0.22473776029412473,0.22473776029412473
2024-11-01,"ARIMA(1, 1, 2)",2.719472461284833,2.6153582786793317,0.10411418260550143,0.10411418260550143
2024-12-01,"ARIMA(1, 1, 2)",2.870690967509981,2.750068381184175,0.12062258632580614,0.12062258632580614
2025-01-01,"ARIMA(1, 1, 2)",2.9909783078999608,2.923513818909553,0.06746448899040791,0.06746448899040791
2025-02-01,"ARIMA(1, 1, 2)",2.8015834477613355,3.0376743231715224,-0.23609087541018692,0.23609087541018692
2025-03-01,"ARIMA(1, 1, 2)",2.381981462805549,2.7350437149969054,-0.35306225219135623,0.35306225219135623
2025-04-01,"ARIMA(1, 1, 2)",2.32538823025783,2.2337200325061213,0.09166819775170865,0.09166819775170865
2025-05-01,"ARIMA(1, 1, 2)",2.3772651073680873,2.305826999119955,0.07143810824813235,0.07143810824813235
2025-06-01,"ARIMA(1, 1, 2)",2.680453865910226,2.374169899147166,0.30628396676306036,0.30628396676306036
2025-07-01,"ARIMA(1, 1, 2)",2.742618052167134,2.7844756437925313,-0.04185759162539737,0.04185759162539737
2025-08-01,"ARIMA(1, 1, 2)",2.9385917430316155,2.755026735809734,0.18356500722188152,0.18356500722188152
2025-09-01,"ARIMA(1, 1, 2)",3.0225715847133294,3.026359573783918,-0.0037879890705885266,0.0037879890705885266
2025-10-01,"ARIMA(1, 1, 2)",2.8587179332828505,3.0580459628701844,-0.19932802958733387,0.19932802958733387
2025-11-01,"ARIMA(1, 1, 2)",2.6964439164939513,2.8097049649341463,-0.11326104844019502,0.11326104844019502
2025-12-01,"ARIMA(1, 1, 2)",2.653304114557753,2.6484336238996735,0.004870490658079429,0.004870490658079429
2026-01-01,"ARIMA(1, 1, 2)",2.391201432150014,2.637206989185216,-0.24600555703520177,0.24600555703520177
2026-02-01,"ARIMA(1, 1, 2)",2.4340041103732224,2.282677838351765,0.15132627202145743,0.15132627202145743
2026-03-01,"ARIMA(1, 1, 2)",3.2859577528651984,2.450164164202543,0.8357935886626553,0.8357935886626553
2026-04-01,"ARIMA(1, 1, 2)",3.7792458367415627,3.5966535960124664,0.1825922407290963,0.1825922407290963
2026-05-01,"ARIMA(1, 1, 2)",4.166614684049641,3.9481061376118505,0.2185085464377905,0.2185085464377905
2026-06-01,"ARIMA(1, 1, 2)",3.463530729385411,4.351585824748481,-0.8880550953630699,0.8880550953630699
2026-07-01,"ARIMA(1, 1, 2)",3.303856050706311,3.2246936940819997,0.07916235662431115,0.07916235662431115
2026-08-01,"ARIMA(1, 1, 2)",3.353016322755642,3.301306011930708,0.05171031082493416,0.05171031082493416
