date,core,food,energy,shelter,eggs,gasoline,milk,coffee,bread,wages,fed_funds,exp_consumers_1y,exp_market_10y
1947-01-01,,22.8,,,,,,,,,,,
1947-02-01,,23.1,,,,,,,,,,,
1947-03-01,,23.8,,,,,,,,,,,
1947-04-01,,23.5,,,,,,,,,,,
1947-05-01,,23.4,,,,,,,,,,,
1947-06-01,,23.5,,,,,,,,,,,
1947-07-01,,23.8,,,,,,,,,,,
1947-08-01,,24.1,,,,,,,,,,,
1947-09-01,,24.8,,,,,,,,,,,
1947-10-01,,24.9,,,,,,,,,,,
1947-11-01,,25.2,,,,,,,,,,,
1947-12-01,,25.7,,,,,,,,,,,
1948-01-01,,26.1,,,,,,,,,,,
1948-02-01,,25.9,,,,,,,,,,,
1948-03-01,,25.3,,,,,,,,,,,
1948-04-01,,26.0,,,,,,,,,,,
1948-05-01,,26.3,,,,,,,,,,,
1948-06-01,,26.5,,,,,,,,,,,
1948-07-01,,26.7,,,,,,,,,,,
1948-08-01,,26.5,,,,,,,,,,,
1948-09-01,,26.3,,,,,,,,,,,
1948-10-01,,26.1,,,,,,,,,,,
1948-11-01,,25.7,,,,,,,,,,,
1948-12-01,,25.5,,,,,,,,,,,
1949-01-01,,25.4,,,,,,,,,,,
1949-02-01,,25.3,,,,,,,,,,,
1949-03-01,,25.3,,,,,,,,,,,
1949-04-01,,25.3,,,,,,,,,,,
1949-05-01,,25.2,,,,,,,,,,,
1949-06-01,,25.3,,,,,,,,,,,
1949-07-01,,24.8,,,,,,,,,,,
1949-08-01,,24.8,,,,,,,,,,,
1949-09-01,,25.0,,,,,,,,,,,
1949-10-01,,24.8,,,,,,,,,,,
1949-11-01,,24.8,,,,,,,,,,,
1949-12-01,,24.5,,,,,,,,,,,
1950-01-01,,24.3,,,,,,,,,,,
1950-02-01,,24.7,,,,,,,,,,,
1950-03-01,,24.6,,,,,,,,,,,
1950-04-01,,24.6,,,,,,,,,,,
1950-05-01,,24.8,,,,,,,,,,,
1950-06-01,,25.1,,,,,,,,,,,
1950-07-01,,25.6,,,,,,,,,,,
1950-08-01,,25.8,,,,,,,,,,,
1950-09-01,,25.8,,,,,,,,,,,
1950-10-01,,26.0,,,,,,,,,,,
1950-11-01,,26.1,,,,,,,,,,,
1950-12-01,,26.9,,,,,,,,,,,
1951-01-01,,27.6,,,,,,,,,,,
1951-02-01,,28.5,,,,,,,,,,,
1951-03-01,,28.4,,,,,,,,,,,
1951-04-01,,28.2,,,,,,,,,,,
1951-05-01,,28.3,,,,,,,,,,,
1951-06-01,,28.0,,,,,,,,,,,
1951-07-01,,27.9,,,,,,,,,,,
1951-08-01,,27.8,,,,,,,,,,,
1951-09-01,,27.9,,,,,,,,,,,
1951-10-01,,28.4,,,,,,,,,,,
1951-11-01,,28.6,,,,,,,,,,,
1951-12-01,,28.9,,,,,,,,,,,
1952-01-01,,28.9,,,,,,,,,,,
1952-02-01,,28.6,,,,,,,,,,,
1952-03-01,,28.5,,,,,,,,,,,
1952-04-01,,28.7,,,,,,,,,,,
1952-05-01,,28.7,,,,,,,,,,,
1952-06-01,,28.6,,,,,,,,,,,
1952-07-01,,28.9,,,,,,,,,,,
1952-08-01,,28.9,,,,,,,,,,,
1952-09-01,,28.7,,,,,,,,,,,
1952-10-01,,28.8,,,,,,,,,,,
1952-11-01,,28.8,,,,,,,,,,,
1952-12-01,,28.6,,,,,,,,,,,
1953-01-01,,28.4,,21.7,,,,,,,,,
1953-02-01,,28.3,,21.8,,,,,,,,,
1953-03-01,,28.3,,21.8,,,,,,,,,
1953-04-01,,28.1,,21.9,,,,,,,,,
1953-05-01,,28.2,,21.9,,,,,,,,,
1953-06-01,,28.4,,21.9,,,,,,,,,
1953-07-01,,28.2,,22.0,,,,,,,,,
1953-08-01,,28.3,,22.0,,,,,,,,,
1953-09-01,,28.4,,22.1,,,,,,,,,
1953-10-01,,28.4,,22.2,,,,,,,,,
1953-11-01,,28.1,,22.2,,,,,,,,,
1953-12-01,,28.3,,22.3,,,,,,,,,
1954-01-01,,28.5,,22.3,,,,,,,,,
1954-02-01,,28.5,,22.3,,,,,,,,,
1954-03-01,,28.4,,22.4,,,,,,,,,
1954-04-01,,28.4,,22.4,,,,,,,,,
1954-05-01,,28.4,,22.5,,,,,,,,,
1954-06-01,,28.4,,22.5,,,,,,,,,
1954-07-01,,28.4,,22.5,,,,,,,0.8,,
1954-08-01,,28.3,,22.5,,,,,,,1.22,,
1954-09-01,,28.0,,22.6,,,,,,,1.07,,
1954-10-01,,27.9,,22.6,,,,,,,0.85,,
1954-11-01,,27.9,,22.6,,,,,,,0.83,,
1954-12-01,,27.8,,22.7,,,,,,,1.28,,
1955-01-01,,27.8,,22.7,,,,,,,1.39,,
1955-02-01,,28.0,,22.7,,,,,,,1.29,,
1955-03-01,,28.0,,22.7,,,,,,,1.35,,
1955-04-01,,28.0,,22.7,,,,,,,1.43,,
1955-05-01,,27.9,,22.7,,,,,,,1.43,,
1955-06-01,,27.7,,22.7,,,,,,,1.64,,
1955-07-01,,27.7,,22.7,,,,,,,1.68,,
1955-08-01,,27.6,,22.8,,,,,,,1.96,,
1955-09-01,,27.8,,22.8,,,,,,,2.18,,
1955-10-01,,27.7,,22.9,,,,,,,2.24,,
1955-11-01,,27.6,,22.9,,,,,,,2.35,,
1955-12-01,,27.6,,22.9,,,,,,,2.48,,
1956-01-01,,27.5,,22.9,,,,,,,2.45,,
1956-02-01,,27.5,,22.9,,,,,,,2.5,,
1956-03-01,,27.5,,22.9,,,,,,,2.5,,
1956-04-01,,27.6,,22.9,,,,,,,2.62,,
1956-05-01,,27.8,,22.9,,,,,,,2.75,,
1956-06-01,,28.1,,23.1,,,,,,,2.71,,
1956-07-01,,28.4,,23.2,,,,,,,2.75,,
1956-08-01,,28.2,,23.3,,,,,,,2.73,,
1956-09-01,,28.2,,23.3,,,,,,,2.95,,
1956-10-01,,28.3,,23.3,,,,,,,2.96,,
1956-11-01,,28.4,,23.3,,,,,,,2.88,,
1956-12-01,,28.5,,23.5,,,,,,,2.94,,
1957-01-01,28.5,28.4,21.3,23.5,,,,,,,2.84,,
1957-02-01,28.6,28.7,21.4,23.7,,,,,,,3.0,,
1957-03-01,28.7,28.6,21.5,23.8,,,,,,,2.96,,
1957-04-01,28.8,28.6,21.6,23.9,,,,,,,3.0,,
1957-05-01,28.8,28.7,21.6,23.9,,,,,,,3.0,,
1957-06-01,28.9,28.9,21.6,23.9,,,,,,,3.0,,
1957-07-01,29.0,29.1,21.5,24.0,,,,,,,2.99,,
1957-08-01,29.0,29.4,21.4,24.0,,,,,,,3.24,,
1957-09-01,29.1,29.2,21.4,24.1,,,,,,,3.47,,
1957-10-01,29.2,29.2,21.4,24.2,,,,,,,3.5,,
1957-11-01,29.3,29.2,21.5,24.2,,,,,,,3.28,,
1957-12-01,29.3,29.2,21.5,24.3,,,,,,,2.98,,
1958-01-01,29.3,29.8,21.6,24.3,,,,,,,2.72,,
1958-02-01,29.4,29.9,21.3,24.4,,,,,,,1.67,,
1958-03-01,29.5,30.5,21.4,24.4,,,,,,,1.2,,
1958-04-01,29.5,30.6,21.4,24.5,,,,,,,1.26,,
1958-05-01,29.5,30.5,21.5,24.6,,,,,,,0.63,,
1958-06-01,29.6,30.3,21.5,24.5,,,,,,,0.93,,
1958-07-01,29.6,30.2,21.6,24.5,,,,,,,0.68,,
1958-08-01,29.6,30.1,21.7,24.5,,,,,,,1.53,,
1958-09-01,29.7,30.0,21.7,24.5,,,,,,,1.76,,
1958-10-01,29.7,30.0,21.7,24.4,,,,,,,1.8,,
1958-11-01,29.8,30.0,21.4,24.5,,,,,,,2.27,,
1958-12-01,29.9,29.9,21.4,24.5,,,,,,,2.42,,
1959-01-01,29.9,30.0,21.4,24.5,,,,,,,2.48,,
1959-02-01,29.9,29.8,21.6,24.5,,,,,,,2.43,,
1959-03-01,30.0,29.7,21.7,24.6,,,,,,,2.8,,
1959-04-01,30.0,29.5,21.8,24.6,,,,,,,2.96,,
1959-05-01,30.1,29.5,21.8,24.7,,,,,,,2.9,,
1959-06-01,30.2,29.7,21.9,24.7,,,,,,,3.39,,
1959-07-01,30.2,29.6,21.8,24.7,,,,,,,3.47,,
1959-08-01,30.2,29.6,21.9,24.8,,,,,,,3.5,,
1959-09-01,30.3,29.7,21.9,24.8,,,,,,,3.76,,
1959-10-01,30.4,29.7,22.2,24.9,,,,,,,3.98,,
1959-11-01,30.4,29.7,22.2,25.0,,,,,,,4.0,,
1959-12-01,30.5,29.6,22.3,25.0,,,,,,,3.99,,
1960-01-01,30.5,29.6,22.3,25.0,,,,,,,3.99,,
1960-02-01,30.6,29.5,22.2,25.1,,,,,,,3.97,,
1960-03-01,30.6,29.6,22.3,25.1,,,,,,,3.84,,
1960-04-01,30.6,30.0,22.4,25.2,,,,,,,3.92,,
1960-05-01,30.6,30.0,22.3,25.2,,,,,,,3.85,,
1960-06-01,30.7,30.0,22.4,25.2,,,,,,,3.32,,
1960-07-01,30.6,29.9,22.5,25.2,,,,,,,3.23,,
1960-08-01,30.6,30.0,22.5,25.3,,,,,,,2.98,,
1960-09-01,30.6,30.1,22.6,25.3,,,,,,,2.6,,
1960-10-01,30.8,30.3,22.5,25.4,,,,,,,2.47,,
1960-11-01,30.8,30.5,22.7,25.4,,,,,,,2.44,,
1960-12-01,30.7,30.5,22.6,25.4,,,,,,,1.98,,
1961-01-01,30.8,30.5,22.7,25.4,,,,,,,1.45,,
1961-02-01,30.8,30.5,22.6,25.4,,,,,,,2.54,,
1961-03-01,30.9,30.5,22.6,25.4,,,,,,,2.02,,
1961-04-01,30.9,30.4,22.2,25.4,,,,,,,1.49,,
1961-05-01,30.9,30.3,22.4,25.4,,,,,,,1.98,,
1961-06-01,31.0,30.2,22.5,25.4,,,,,,,1.73,,
1961-07-01,31.0,30.3,22.5,25.5,,,,,,,1.17,,
1961-08-01,31.1,30.3,22.5,25.4,,,,,,,2.0,,
1961-09-01,31.1,30.3,22.6,25.5,,,,,,,1.88,,
1961-10-01,31.1,30.3,22.4,25.5,,,,,,,2.26,,
1961-11-01,31.2,30.3,22.5,25.6,,,,,,,2.61,,
1961-12-01,31.2,30.3,22.4,25.6,,,,,,,2.33,,
1962-01-01,31.2,30.4,22.4,25.6,,,,,,,2.15,,
1962-02-01,31.2,30.5,22.6,25.6,,,,,,,2.37,,
1962-03-01,31.3,30.6,22.4,25.6,,,,,,,2.85,,
1962-04-01,31.3,30.7,22.7,25.6,,,,,,,2.78,,
1962-05-01,31.4,30.6,22.7,25.7,,,,,,,2.36,,
1962-06-01,31.4,30.5,22.5,25.8,,,,,,,2.68,,
1962-07-01,31.4,30.4,22.3,25.8,,,,,,,2.71,,
1962-08-01,31.5,30.6,22.4,25.8,,,,,,,2.93,,
1962-09-01,31.5,30.9,22.8,25.8,,,,,,,2.9,,
1962-10-01,31.5,30.8,22.7,25.8,,,,,,,2.9,,
1962-11-01,31.5,30.9,22.7,25.8,,,,,,,2.94,,
1962-12-01,31.6,30.7,22.8,25.8,,,,,,,2.93,,
1963-01-01,31.5,31.0,22.8,25.9,,,,,,,2.92,,
1963-02-01,31.6,31.1,22.7,25.9,,,,,,,3.0,,
1963-03-01,31.7,31.0,22.7,26.0,,,,,,,2.98,,
1963-04-01,31.7,30.9,22.6,26.0,,,,,,,2.9,,
1963-05-01,31.7,30.9,22.6,26.0,,,,,,,3.0,,
1963-06-01,31.8,31.0,22.5,26.0,,,,,,,2.99,,
1963-07-01,31.8,31.2,22.7,26.1,,,,,,,3.02,,
1963-08-01,31.9,31.2,22.6,26.1,,,,,,,3.49,,
1963-09-01,31.9,31.1,22.5,26.1,,,,,,,3.48,,
1963-10-01,32.0,31.0,22.7,26.2,,,,,,,3.5,,
1963-11-01,32.0,31.2,22.6,26.2,,,,,,,3.48,,
1963-12-01,32.1,31.3,22.6,26.3,,,,,,,3.38,,
1964-01-01,32.2,31.4,22.8,26.3,,,,,,2.5,3.48,,
1964-02-01,32.2,31.4,22.2,26.4,,,,,,2.5,3.48,,
1964-03-01,32.2,31.4,22.6,26.4,,,,,,2.51,3.43,,
1964-04-01,32.2,31.4,22.5,26.4,,,,,,2.52,3.47,,
1964-05-01,32.2,31.4,22.5,26.4,,,,,,2.52,3.5,,
1964-06-01,32.3,31.4,22.6,26.4,,,,,,2.53,3.5,,
1964-07-01,32.3,31.5,22.5,26.5,,,,,,2.54,3.42,,
1964-08-01,32.3,31.4,22.6,26.5,,,,,,2.55,3.5,,
1964-09-01,32.3,31.6,22.5,26.6,,,,,,2.56,3.45,,
1964-10-01,32.4,31.6,22.5,26.6,,,,,,2.55,3.36,,
1964-11-01,32.5,31.7,22.5,26.7,,,,,,2.56,3.52,,
1964-12-01,32.5,31.7,22.6,26.7,,,,,,2.58,3.85,,
1965-01-01,32.6,31.6,22.8,26.8,,,,,,2.58,3.9,,
1965-02-01,32.6,31.5,22.7,26.9,,,,,,2.59,3.98,,
1965-03-01,32.6,31.7,22.6,26.9,,,,,,2.61,4.05,,
1965-04-01,32.7,31.8,22.9,26.9,,,,,,2.6,4.09,,
1965-05-01,32.7,32.1,23.0,26.9,,,,,,2.62,4.1,,
1965-06-01,32.7,32.6,23.1,26.9,,,,,,2.63,4.05,,
1965-07-01,32.7,32.5,23.0,27.0,,,,,,2.63,4.09,,
1965-08-01,32.7,32.4,23.0,27.0,,,,,,2.64,4.12,,
1965-09-01,32.8,32.3,23.1,27.0,,,,,,2.65,4.02,,
1965-10-01,32.8,32.5,23.0,27.1,,,,,,2.66,4.08,,
1965-11-01,32.9,32.6,23.1,27.2,,,,,,2.67,4.1,,
1965-12-01,33.0,32.8,23.1,27.2,,,,,,2.67,4.32,,
1966-01-01,33.0,33.0,23.1,27.3,,,,,,2.68,4.42,,
1966-02-01,33.1,33.5,23.2,27.3,,,,,,2.69,4.6,,
1966-03-01,33.1,33.8,23.2,27.4,,,,,,2.7,4.66,,
1966-04-01,33.3,33.8,23.2,27.6,,,,,,2.71,4.67,,
1966-05-01,33.4,33.7,23.2,27.7,,,,,,2.72,4.9,,
1966-06-01,33.5,33.7,23.3,27.9,,,,,,2.73,5.17,,
1966-07-01,33.6,33.5,23.4,27.9,,,,,,2.74,5.3,,
1966-08-01,33.7,34.0,23.3,27.9,,,,,,2.75,5.53,,
1966-09-01,33.8,34.1,23.4,28.0,,,,,,2.76,5.4,,
1966-10-01,34.0,34.2,23.4,28.2,,,,,,2.77,5.53,,
1966-11-01,34.0,34.1,23.5,28.2,,,,,,2.78,5.76,,
1966-12-01,34.1,34.0,23.5,28.3,,,,,,2.78,5.4,,
1967-01-01,34.2,33.9,23.6,28.4,,,,,,2.8,4.94,,
1967-02-01,34.2,33.8,23.7,28.5,,,,,,2.81,5.0,,
1967-03-01,34.3,33.8,23.6,28.4,,,,,,2.81,4.53,,
1967-04-01,34.4,33.7,23.9,28.5,,,,,,2.82,4.05,,
1967-05-01,34.5,33.7,23.9,28.6,,,,,,2.83,3.94,,
1967-06-01,34.6,34.0,23.8,28.7,,,,,,2.85,3.98,,
1967-07-01,34.7,34.1,23.8,28.8,,,,,,2.86,3.79,,
1967-08-01,34.9,34.3,23.9,28.9,,,,,,2.88,3.9,,
1967-09-01,35.0,34.3,24.0,28.9,,,,,,2.88,3.99,,
1967-10-01,35.1,34.4,23.9,29.0,,,,,,2.89,3.88,,
1967-11-01,35.2,34.5,24.0,29.1,,,,,,2.91,4.13,,
1967-12-01,35.4,34.6,23.9,29.2,,,,,,2.92,4.51,,
1968-01-01,35.5,34.6,24.0,29.3,,,,,,2.94,4.61,,
1968-02-01,35.7,34.8,24.1,29.4,,,,,,2.95,4.71,,
1968-03-01,35.8,34.9,24.1,29.5,,,,,,2.97,5.05,,
1968-04-01,35.9,35.0,24.0,29.6,,,,,,2.99,5.76,,
1968-05-01,36.0,35.1,24.1,29.6,,,,,,3.0,6.12,,
1968-06-01,36.2,35.2,24.2,30.0,,,,,,3.01,6.07,,
1968-07-01,36.4,35.3,24.2,30.3,,,,,,3.03,6.03,,
1968-08-01,36.5,35.4,24.3,30.5,,,,,,3.04,6.03,,
1968-09-01,36.7,35.6,24.3,30.5,,,,,,3.07,5.78,,
1968-10-01,36.9,35.9,24.3,30.7,,,,,,3.08,5.91,,
1968-11-01,37.1,35.9,24.4,30.9,,,,,,3.1,5.82,,
1968-12-01,37.2,36.0,24.3,31.1,,,,,,3.11,6.02,,
1969-01-01,37.3,36.1,24.4,31.3,,,,,,3.12,6.3,,
1969-02-01,37.6,36.1,24.4,31.4,,,,,,3.14,6.61,,
1969-03-01,37.8,36.2,24.7,31.8,,,,,,3.16,6.79,,
1969-04-01,38.1,36.4,24.9,32.1,,,,,,3.18,7.41,,
1969-05-01,38.1,36.6,24.8,32.3,,,,,,3.19,8.67,,
1969-06-01,38.3,37.0,25.0,32.4,,,,,,3.21,8.9,,
1969-07-01,38.5,37.3,24.9,32.7,,,,,,3.22,8.61,,
1969-08-01,38.7,37.5,24.9,32.9,,,,,,3.24,9.19,,
1969-09-01,38.9,37.7,25.0,33.2,,,,,,3.26,9.15,,
1969-10-01,39.1,37.8,25.0,33.4,,,,,,3.28,9.0,,
1969-11-01,39.2,38.2,25.0,33.6,,,,,,3.3,8.85,,
1969-12-01,39.4,38.6,25.1,33.8,,,,,,3.31,8.97,,
1970-01-01,39.6,38.7,25.1,34.0,,,,,,3.31,8.98,,
1970-02-01,39.8,38.9,25.1,34.4,,,,,,3.33,8.98,,
1970-03-01,40.1,38.9,25.0,34.8,,,,,,3.36,7.76,,
1970-04-01,40.4,39.0,25.5,35.0,,,,,,3.36,8.1,,
1970-05-01,40.5,39.2,25.4,35.3,,,,,,3.37,7.95,,
1970-06-01,40.8,39.2,25.3,35.5,,,,,,3.4,7.61,,
1970-07-01,40.9,39.2,25.5,35.6,,,,,,3.41,7.21,,
1970-08-01,41.1,39.2,25.4,35.9,,,,,,3.44,6.62,,
1970-09-01,41.3,39.4,25.6,36.2,,,,,,3.45,6.29,,
1970-10-01,41.5,39.5,25.9,36.3,,,,,,3.45,6.2,,
1970-11-01,41.8,39.5,26.0,36.5,,,,,,3.47,5.6,,
1970-12-01,42.0,39.5,26.2,36.8,,,,,,3.5,4.9,,
1971-01-01,42.1,39.4,26.3,36.8,,,,,,3.53,4.14,,
1971-02-01,42.2,39.5,26.2,36.6,,,,,,3.55,3.72,,
1971-03-01,42.2,39.8,26.2,36.4,,,,,,3.56,3.71,,
1971-04-01,42.4,40.1,26.1,36.4,,,,,,3.58,4.16,,
1971-05-01,42.6,40.3,26.2,36.5,,,,,,3.61,4.63,,
1971-06-01,42.8,40.5,26.3,36.9,,,,,,3.62,4.91,,
1971-07-01,42.9,40.6,26.3,37.0,,,,,,3.63,5.31,,
1971-08-01,43.0,40.6,26.8,37.2,,,,,,3.66,5.57,,
1971-09-01,43.0,40.6,26.9,37.4,,,,,,3.67,5.55,,
1971-10-01,43.1,40.7,27.0,37.5,,,,,,3.68,5.2,,
1971-11-01,43.2,40.9,26.9,37.7,,,,,,3.7,4.91,,
1971-12-01,43.3,41.3,27.0,37.8,,,,,,3.73,4.14,,
1972-01-01,43.5,41.1,27.0,38.0,,,,,,3.8,3.51,,
1972-02-01,43.6,41.7,26.8,38.1,,,,,,3.82,3.3,,
1972-03-01,43.6,41.6,26.9,38.2,,,,,,3.84,3.83,,
1972-04-01,43.8,41.6,26.9,38.3,,,,,,3.86,4.17,,
1972-05-01,43.9,41.7,27.0,38.4,,,,,,3.88,4.27,,
1972-06-01,44.0,41.9,27.0,38.6,,,,,,3.88,4.46,,
1972-07-01,44.1,42.1,27.1,38.8,,,,,,3.9,4.55,,
1972-08-01,44.3,42.2,27.3,39.0,,,,,,3.92,4.81,,
1972-09-01,44.3,42.5,27.6,39.0,,,,,,3.94,4.87,,
1972-10-01,44.4,42.8,27.7,39.1,,,,,,3.97,5.05,,
1972-11-01,44.4,43.0,27.9,39.2,,,,,,3.99,5.06,,
1972-12-01,44.6,43.2,27.8,39.3,,,,,,4.0,5.33,,
1973-01-01,44.6,44.0,27.9,39.4,,,,,,4.03,5.94,,
1973-02-01,44.8,44.6,28.2,39.5,,,,,,4.05,6.58,,
1973-03-01,45.0,45.8,28.3,39.6,,,,,,4.06,7.09,,
1973-04-01,45.1,46.5,28.6,39.7,,,,,,4.09,7.12,,
1973-05-01,45.3,47.1,28.8,39.9,,,,,,4.1,7.84,,
1973-06-01,45.4,47.6,29.2,40.0,,,,,,4.12,8.49,,
1973-07-01,45.5,47.7,29.2,40.1,,,,,,4.15,10.4,,
1973-08-01,45.7,50.5,29.4,40.5,,,,,,4.16,10.5,,
1973-09-01,46.0,50.4,29.4,41.0,,,,,,4.2,10.78,,
1973-10-01,46.3,50.7,30.3,41.6,,,,,,4.21,10.01,,
1973-11-01,46.5,51.4,31.5,41.8,,,,,,4.24,10.03,,
1973-12-01,46.7,51.9,32.5,42.1,,,,,,4.25,9.95,,
1974-01-01,46.9,52.5,34.1,42.4,,,,,,4.27,9.65,,
1974-02-01,47.2,53.6,35.4,42.7,,,,,,4.29,8.97,,
1974-03-01,47.6,54.2,36.9,43.0,,,,,,4.32,9.35,,
1974-04-01,47.9,54.1,37.6,43.2,,,,,,4.33,10.51,,
1974-05-01,48.5,54.5,38.3,43.5,,,,,,4.4,11.31,,
1974-06-01,49.0,54.5,38.6,43.9,,,,,,4.44,11.93,,
1974-07-01,49.5,54.3,38.9,44.4,,,,,,4.45,12.92,,
1974-08-01,50.2,55.1,39.2,44.9,,,,,,4.49,12.01,,
1974-09-01,50.7,56.2,39.3,45.5,,,,,,4.53,11.34,,
1974-10-01,51.2,56.8,39.2,46.0,,,,,,4.56,10.06,,
1974-11-01,51.6,57.5,39.4,46.3,,,,,,4.57,9.45,,
1974-12-01,52.0,58.2,39.6,46.9,,,,,,4.6,8.53,,
1975-01-01,52.3,58.4,40.0,47.3,,,,,,4.61,7.13,,
1975-02-01,52.8,58.5,40.3,47.7,,,,,,4.64,6.24,,
1975-03-01,53.0,58.4,40.6,47.9,,,,,,4.67,5.54,,
1975-04-01,53.3,58.3,41.0,48.2,,,,,,4.67,5.49,,
1975-05-01,53.5,58.6,41.3,48.3,,,,,,4.69,5.22,,
1975-06-01,53.8,59.2,41.7,48.7,,,,,,4.72,5.55,,
1975-07-01,54.0,60.3,42.5,48.9,,,,,,4.74,6.1,,
1975-08-01,54.2,60.3,42.8,49.0,,,,,,4.78,6.14,,
1975-09-01,54.5,60.7,43.2,49.3,,,,,,4.79,6.24,,
1975-10-01,54.8,61.3,43.5,49.6,,,,,,4.82,5.82,,
1975-11-01,55.2,61.7,43.9,50.0,,,,,,4.86,5.22,,
1975-12-01,55.5,62.1,44.1,50.3,,,,,,4.87,5.2,,
1976-01-01,55.9,61.9,44.5,50.5,,0.605,,,,4.9,4.87,,
1976-02-01,56.2,61.3,44.4,50.6,,0.6,,,,4.93,4.77,,
1976-03-01,56.5,60.9,44.1,50.7,,0.594,,,,4.95,4.84,,
1976-04-01,56.7,60.9,43.9,50.7,,0.592,,,,4.98,4.82,,
1976-05-01,57.0,61.1,44.1,50.9,,0.6,,,,5.01,5.29,,
1976-06-01,57.2,61.3,44.4,51.2,,0.616,,,,5.03,5.48,,
1976-07-01,57.6,61.6,44.8,51.6,,0.623,,,,5.06,5.31,,
1976-08-01,57.9,61.8,45.2,51.9,,0.628,,,,5.11,5.29,,
1976-09-01,58.2,62.1,45.7,52.2,,0.63,,,,5.14,5.25,,
1976-10-01,58.5,62.4,46.1,52.3,,0.629,,,,5.16,5.02,,
1976-11-01,58.7,62.3,46.8,52.4,,0.629,,,,5.21,4.95,,
1976-12-01,58.9,62.5,47.5,52.4,,0.626,,,,5.23,4.65,,
1977-01-01,59.3,62.7,48.1,52.9,,0.627,,,,5.26,4.61,,
1977-02-01,59.7,63.9,48.1,53.2,,0.637,,,,5.3,4.68,,
1977-03-01,60.0,64.2,48.4,53.5,,0.643,,,,5.32,4.69,,
1977-04-01,60.3,65.0,48.6,54.0,,0.651,,,,5.36,4.73,,
1977-05-01,60.6,65.3,48.9,54.3,,0.659,,,,5.4,5.35,,
1977-06-01,61.0,65.7,48.9,54.7,,0.665,,,,5.42,5.39,,
1977-07-01,61.2,65.9,49.1,55.2,,0.667,,,,5.46,5.42,,
1977-08-01,61.5,66.2,49.5,55.5,,0.667,,,,5.48,5.9,,
1977-09-01,61.8,66.4,49.8,55.9,,0.666,,,,5.51,6.14,,
1977-10-01,62.0,66.6,50.5,56.2,,0.665,,,,5.55,6.47,,
1977-11-01,62.3,67.1,51.3,56.6,,0.664,,,,5.58,6.51,,
1977-12-01,62.7,67.4,51.6,57.0,,0.665,,,,5.61,6.56,,
1978-01-01,63.1,67.9,51.1,57.5,,0.648,,,,5.66,6.7,5.2,
1978-02-01,63.4,68.6,50.6,57.8,,0.647,,,,5.69,6.78,6.4,
1978-03-01,63.8,69.5,51.0,58.3,,0.647,,,,5.73,6.79,6.3,
1978-04-01,64.3,70.6,51.4,58.8,,0.649,,,,5.79,6.89,6.7,
1978-05-01,64.7,71.6,51.7,59.4,,0.655,,,,5.82,7.36,6.9,
1978-06-01,65.2,72.7,51.9,60.0,,0.663,,,,5.86,7.6,6.5,
1978-07-01,65.6,73.0,52.1,60.7,,0.674,,,,5.9,7.81,6.6,
1978-08-01,66.1,73.3,52.6,61.3,,0.682,,,,5.92,8.04,8.7,
1978-09-01,66.7,73.6,53.2,62.1,,0.688,,,,5.97,8.45,6.9,
1978-10-01,67.2,74.2,54.1,62.8,,0.69,,,,6.02,8.96,7.4,
1978-11-01,67.6,74.7,54.9,63.3,,0.695,,,,6.05,9.76,7.5,
1978-12-01,68.0,75.1,55.9,63.5,,0.705,,,,6.1,10.03,7.3,
1979-01-01,68.5,76.4,55.8,64.0,,0.716,,,,6.13,10.07,7.8,
1979-02-01,69.2,77.7,55.9,64.9,,0.73,,,,6.18,10.06,9.3,
1979-03-01,69.8,78.4,57.4,65.5,,0.755,,,,6.22,10.09,8.8,
1979-04-01,70.3,79.0,59.5,66.3,,0.802,,,,6.21,10.01,9.7,
1979-05-01,70.8,79.7,62.0,67.1,,0.844,,,,6.27,10.24,9.8,
1979-06-01,71.3,80.0,64.7,68.0,,0.901,,,,6.32,10.29,9.9,
1979-07-01,71.9,80.5,67.3,69.0,,0.949,,,,6.36,10.47,9.9,
1979-08-01,72.7,80.4,69.7,70.1,,0.988,,,,6.4,10.94,9.9,
1979-09-01,73.3,80.9,71.9,71.1,,1.02,,,,6.45,11.43,9.6,
1979-10-01,74.0,81.5,73.5,72.3,,1.028,,,,6.46,13.77,9.0,
1979-11-01,74.8,82.0,74.8,73.5,,1.041,,,,6.51,13.18,10.0,
1979-12-01,75.7,82.8,76.8,74.6,,1.065,,,,6.56,13.78,9.9,
1980-01-01,76.7,83.3,79.1,75.9,0.879,1.131,,3.208,0.501,6.57,13.82,10.4,
1980-02-01,77.5,83.4,81.9,76.8,0.774,1.207,,3.258,0.507,6.63,14.13,10.0,
1980-03-01,78.6,84.1,84.5,78.1,0.812,1.252,,3.248,0.502,6.69,17.19,10.2,
1980-04-01,79.5,84.7,85.4,79.3,0.797,1.264,,3.209,0.507,6.72,17.61,10.1,
1980-05-01,80.1,85.2,86.4,80.5,0.737,1.266,,3.2,0.504,6.76,10.98,8.6,
1980-06-01,81.0,85.7,86.5,82.3,0.731,1.269,,3.181,0.503,6.82,9.47,8.5,
1980-07-01,80.8,86.6,86.7,81.3,0.776,1.271,,3.233,0.511,6.86,9.03,9.6,
1980-08-01,81.3,88.0,87.2,81.4,0.907,1.267,,3.23,0.507,6.91,9.61,7.6,
1980-09-01,82.1,89.1,87.5,82.0,0.898,1.257,,3.159,0.511,6.95,10.87,9.1,
1980-10-01,83.0,89.8,88.0,83.4,0.867,1.25,,3.053,0.514,7.02,12.81,9.6,
1980-11-01,83.9,90.8,88.8,84.7,0.917,1.25,,2.913,0.519,7.09,15.85,8.6,
1980-12-01,84.9,91.3,90.7,85.8,1.031,1.258,,2.818,0.519,7.13,18.9,9.7,
1981-01-01,85.4,91.6,92.1,86.3,0.943,1.298,,2.777,0.531,7.18,19.08,9.5,
1981-02-01,85.9,92.1,95.2,86.3,0.924,1.382,,2.595,0.533,7.23,15.93,8.6,
1981-03-01,86.4,92.6,97.4,86.7,0.875,1.417,,2.557,0.538,7.29,14.7,7.2,
1981-04-01,87.0,92.8,97.6,87.3,0.904,1.412,,2.562,0.519,7.33,15.72,8.0,
1981-05-01,87.8,92.8,97.9,88.6,0.836,1.4,,2.538,0.525,7.37,18.52,7.3,
1981-06-01,88.6,93.2,97.3,89.9,0.852,1.391,,2.517,0.523,7.41,19.1,7.1,
1981-07-01,89.8,93.9,97.3,91.5,0.86,1.382,,2.512,0.521,7.45,19.04,6.8,
1981-08-01,90.7,94.4,97.8,92.5,0.868,1.376,,2.492,0.519,7.52,17.82,5.8,
1981-09-01,91.8,94.8,98.6,93.9,0.915,1.376,,2.46,0.524,7.56,15.87,6.9,
1981-10-01,92.1,95.0,99.2,93.8,0.898,1.371,,2.451,0.521,7.59,15.08,6.7,
1981-11-01,92.5,95.1,100.5,94.0,0.943,1.369,,2.408,0.527,7.63,13.31,7.3,
1981-12-01,93.0,95.3,101.5,94.3,0.966,1.365,,2.457,0.521,7.64,12.37,5.3,
1982-01-01,93.3,95.6,100.6,94.4,0.925,1.358,,2.475,0.537,7.72,13.22,5.1,
1982-02-01,93.8,96.3,98.0,94.7,1.007,1.334,,2.552,0.534,7.72,14.78,5.2,
1982-03-01,93.9,96.2,96.6,94.2,0.952,1.284,,2.564,0.526,7.75,14.68,4.2,
1982-04-01,94.7,96.4,94.2,95.3,0.896,1.225,,2.585,0.526,7.77,14.94,4.7,
1982-05-01,95.4,97.2,95.7,96.8,0.842,1.237,,2.567,0.529,7.84,14.45,3.5,
1982-06-01,96.1,98.1,98.4,98.0,0.783,1.309,,2.527,0.525,7.85,14.15,4.6,
1982-07-01,96.7,98.2,99.3,98.5,0.851,1.331,,2.502,0.534,7.9,12.59,5.0,
1982-08-01,97.1,98.0,99.8,98.9,0.778,1.323,,2.515,0.534,7.94,10.12,4.8,
1982-09-01,97.2,98.2,100.3,98.4,0.852,1.307,,2.517,0.536,7.94,10.31,4.5,
1982-10-01,97.5,98.2,101.7,98.4,0.854,1.295,,2.5,0.534,7.96,9.71,4.7,
1982-11-01,97.3,98.2,102.5,97.9,0.849,1.283,,2.481,0.534,7.98,9.2,4.5,
1982-12-01,97.2,98.2,102.8,96.5,0.813,1.26,,2.501,0.537,8.01,8.95,3.7,
1983-01-01,97.6,98.1,99.6,97.2,0.821,1.23,,2.528,0.541,8.06,8.68,2.8,
1983-02-01,98.0,98.2,97.7,97.5,0.794,1.187,,2.519,0.544,8.09,8.51,3.0,
1983-03-01,98.2,98.8,96.8,97.6,0.836,1.152,,2.478,0.544,8.1,8.77,1.8,
1983-04-01,98.6,99.2,98.9,98.4,0.825,1.215,,2.466,0.538,8.13,8.8,3.4,
1983-05-01,98.9,99.5,100.4,98.7,0.865,1.259,,2.459,0.542,8.17,8.63,3.2,
1983-06-01,99.2,99.6,100.6,99.0,0.825,1.277,,2.47,0.542,8.19,8.98,3.2,
1983-07-01,99.8,99.6,100.9,99.4,0.847,1.288,,2.454,0.544,8.22,9.37,3.2,
1983-08-01,100.1,99.7,101.2,99.6,0.884,1.285,,2.451,0.539,8.2,9.56,3.3,
1983-09-01,100.5,100.0,101.0,100.1,0.938,1.274,,2.438,0.536,8.27,9.45,3.3,
1983-10-01,101.0,100.3,100.8,100.3,0.962,1.255,,2.432,0.535,8.31,9.48,3.7,
1983-11-01,101.5,100.3,100.5,100.7,0.996,1.241,,2.454,0.547,8.31,9.34,3.5,
1983-12-01,101.8,100.6,100.0,101.1,1.131,1.231,,2.437,0.547,8.33,9.47,3.5,
1984-01-01,102.5,102.0,100.2,101.4,1.301,1.216,,2.495,0.543,8.38,9.56,3.2,
1984-02-01,102.8,102.7,101.4,101.8,1.324,1.209,,2.546,0.541,8.38,9.59,3.3,
1984-03-01,103.2,102.9,101.4,102.3,1.153,1.21,,2.546,0.542,8.41,9.91,3.4,
1984-04-01,103.7,102.9,101.7,103.0,1.199,1.227,,2.549,0.536,8.45,10.29,3.9,
1984-05-01,104.1,102.7,101.6,103.2,1.054,1.236,,2.567,0.541,8.45,10.32,4.2,
1984-06-01,104.5,103.1,100.8,103.6,0.903,1.229,,2.598,0.542,8.48,11.06,4.2,
1984-07-01,105.0,103.3,100.5,104.3,0.876,1.212,,2.609,0.541,8.51,11.23,3.4,
1984-08-01,105.4,103.9,100.1,104.7,0.86,1.196,,2.606,0.543,8.51,11.64,3.0,
1984-09-01,105.8,103.8,100.6,105.1,0.854,1.203,,2.617,0.539,8.55,11.3,3.0,
1984-10-01,106.2,104.0,101.1,105.5,0.842,1.209,,2.616,0.54,8.55,9.99,3.5,
1984-11-01,106.4,104.1,100.8,105.8,0.823,1.207,,2.594,0.543,8.57,9.43,3.4,
1984-12-01,106.8,104.5,100.1,106.4,0.867,1.193,,2.593,0.544,8.61,8.38,3.3,
1985-01-01,107.1,104.7,100.3,106.7,0.746,1.148,,2.585,0.551,8.61,8.35,2.9,
1985-02-01,107.7,105.2,100.3,107.4,0.784,1.131,,2.594,0.544,8.64,8.5,3.1,
1985-03-01,108.1,105.5,101.3,107.8,0.79,1.159,,2.621,0.544,8.66,8.58,3.0,
1985-04-01,108.4,105.4,102.3,108.1,0.783,1.205,,2.603,0.544,8.69,8.27,3.3,
1985-05-01,108.8,105.2,102.2,109.2,0.745,1.231,,2.606,0.542,8.7,7.97,3.2,
1985-06-01,109.1,105.5,102.2,109.6,0.724,1.241,,2.614,0.546,8.74,7.53,3.4,
1985-07-01,109.4,105.5,102.2,110.1,0.787,1.242,,2.59,0.556,8.74,7.88,2.8,
1985-08-01,109.8,105.6,101.2,110.8,0.789,1.229,,2.564,0.553,8.76,7.9,2.8,
1985-09-01,110.0,105.8,101.2,111.0,0.857,1.216,,2.563,0.561,8.8,7.92,2.9,
1985-10-01,110.5,105.8,101.2,111.5,0.86,1.204,,2.573,0.566,8.79,7.99,3.3,
1985-11-01,111.1,106.5,101.8,112.3,0.872,1.207,,2.549,0.564,8.81,8.05,3.1,
1985-12-01,111.4,107.3,102.4,112.7,0.906,1.208,,2.505,0.568,8.87,8.27,3.5,
1986-01-01,111.9,107.5,102.6,113.2,0.901,1.194,,2.737,0.566,8.85,8.14,2.9,
1986-02-01,112.2,107.3,99.5,113.5,0.866,1.12,,3.554,0.563,8.88,7.86,2.8,
1986-03-01,112.5,107.5,92.6,114.3,0.887,0.981,,3.74,0.56,8.89,7.48,2.3,
1986-04-01,112.9,107.7,87.2,115.0,0.89,0.888,,3.706,0.561,8.88,6.99,2.4,
1986-05-01,113.1,108.2,87.2,115.2,0.82,0.923,,3.655,0.562,8.9,6.85,2.7,
1986-06-01,113.4,108.3,88.8,115.6,0.795,0.955,,3.646,0.569,8.92,6.92,2.9,
1986-07-01,113.8,109.1,85.6,115.9,0.833,0.89,,3.594,0.564,8.91,6.56,2.8,
1986-08-01,114.2,110.1,83.6,116.3,0.913,0.843,,3.462,0.57,8.94,6.17,3.0,
1986-09-01,114.6,110.2,84.4,116.9,0.868,0.86,,3.315,0.566,8.94,5.89,2.9,
1986-10-01,115.0,110.5,82.8,117.5,0.855,0.831,,3.269,0.565,8.96,5.85,3.2,
1986-11-01,115.3,111.1,82.1,117.8,0.897,0.821,,3.268,0.564,9.01,6.04,2.8,
1986-12-01,115.6,111.4,82.5,118.1,0.91,0.823,,3.247,0.566,9.01,6.91,3.0,
1987-01-01,115.9,111.8,85.4,118.6,0.862,0.862,,3.192,0.544,9.02,6.43,2.9,
1987-02-01,116.2,112.2,87.4,119.1,0.823,0.905,,3.087,0.539,9.05,6.1,3.1,
1987-03-01,116.6,112.4,87.6,119.5,0.8,0.912,,2.96,0.541,9.07,6.13,3.0,
1987-04-01,117.3,112.6,87.6,120.3,0.786,0.934,,2.865,0.542,9.08,6.37,3.0,
1987-05-01,117.7,113.2,87.1,120.7,0.763,0.941,,2.777,0.54,9.11,6.85,3.4,
1987-06-01,117.9,113.9,88.5,121.0,0.711,0.958,,2.737,0.533,9.11,6.73,3.3,
1987-07-01,118.3,113.7,89.2,121.1,0.763,0.971,,2.709,0.544,9.12,6.58,3.1,
1987-08-01,118.7,113.9,90.5,121.9,0.73,0.995,,2.636,0.546,9.18,6.73,3.2,
1987-09-01,119.2,114.3,90.3,122.4,0.837,0.99,,2.654,0.551,9.19,7.22,3.0,
1987-10-01,119.8,114.5,89.6,123.1,0.778,0.976,,2.67,0.559,9.22,7.29,3.3,
1987-11-01,120.1,114.5,90.0,123.4,0.805,0.976,,2.581,0.559,9.27,6.69,3.2,
1987-12-01,120.4,115.1,89.5,124.1,0.733,0.961,,2.553,0.571,9.28,6.77,3.1,
1988-01-01,120.9,115.6,88.8,124.6,0.76,0.933,,2.635,0.586,9.29,6.83,3.2,
1988-02-01,121.2,115.6,88.7,125.1,0.718,0.913,,2.665,0.586,9.29,6.58,3.1,
1988-03-01,121.7,115.8,88.4,125.5,0.74,0.904,,2.634,0.587,9.31,6.58,3.2,
1988-04-01,122.3,116.4,88.8,126.0,0.719,0.93,,2.699,0.595,9.36,6.87,3.3,
1988-05-01,122.7,116.9,88.5,126.3,0.678,0.955,,2.729,0.598,9.41,7.09,3.3,
1988-06-01,123.2,117.6,88.9,126.8,0.705,0.955,,2.735,0.601,9.41,7.51,3.7,
1988-07-01,123.6,118.8,89.4,127.2,0.803,0.967,,2.784,0.602,9.45,7.75,4.6,
1988-08-01,124.0,119.4,90.1,127.8,0.909,0.987,,2.834,0.619,9.46,8.01,4.4,
1988-09-01,124.7,120.1,89.8,128.3,0.874,0.974,,2.84,0.636,9.51,8.19,3.9,
1988-10-01,125.2,120.3,89.8,128.6,0.896,0.957,,2.855,0.642,9.56,8.3,3.9,
1988-11-01,125.6,120.5,89.8,129.2,0.839,0.949,,2.892,0.645,9.58,8.35,3.7,
1988-12-01,126.0,121.1,89.6,129.6,0.833,0.93,,2.925,0.657,9.6,8.76,3.9,
1989-01-01,126.5,121.6,90.3,129.8,0.941,0.918,,2.964,0.653,9.65,9.12,3.5,
1989-02-01,126.9,122.5,90.8,130.4,0.89,0.926,,3.052,0.652,9.68,9.36,4.1,
1989-03-01,127.4,123.2,91.8,131.0,1.031,0.94,,3.039,0.654,9.7,9.85,3.7,
1989-04-01,127.8,123.9,96.6,131.4,0.997,1.065,,3.115,0.655,9.75,9.84,4.3,
1989-05-01,128.3,124.7,97.4,132.0,0.956,1.119,,3.163,0.655,9.74,9.81,4.6,
1989-06-01,128.8,125.1,96.9,132.4,0.937,1.114,,3.167,0.664,9.77,9.53,3.8,
1989-07-01,129.2,125.6,96.7,133.2,0.961,1.092,,3.225,0.671,9.83,9.24,4.1,
1989-08-01,129.5,125.9,94.9,133.7,0.983,1.057,,3.171,0.674,9.83,8.99,3.5,
1989-09-01,129.9,126.3,93.8,133.9,1.038,1.029,,3.098,0.671,9.87,9.02,3.4,
1989-10-01,130.6,126.8,94.4,134.8,1.023,1.027,,3.038,0.674,9.92,8.84,3.6,
1989-11-01,131.1,127.4,93.9,135.4,1.08,0.999,,2.903,0.676,9.93,8.55,3.5,
1989-12-01,131.6,127.8,94.2,136.0,1.137,0.98,,2.937,0.688,9.98,8.45,3.5,
1990-01-01,132.1,129.7,98.9,136.3,1.223,1.042,,2.917,0.689,10.02,8.23,4.1,
1990-02-01,132.7,130.8,98.2,136.6,1.041,1.037,,2.965,0.701,10.07,8.24,4.1,
1990-03-01,133.5,131.0,97.6,137.6,1.111,1.023,,2.891,0.68,10.11,8.28,3.7,
1990-04-01,134.0,130.8,97.5,138.2,1.092,1.044,,2.885,0.686,10.12,8.26,3.6,
1990-05-01,134.4,131.1,96.7,138.6,0.94,1.061,,2.938,0.678,10.16,8.18,3.4,
1990-06-01,135.1,132.1,97.3,139.6,0.93,1.088,,2.977,0.687,10.2,8.29,3.8,
1990-07-01,135.8,132.8,97.1,140.7,0.899,1.084,,3.054,0.685,10.22,8.15,3.4,
1990-08-01,136.6,133.2,101.6,141.8,0.954,1.19,,3.027,0.713,10.24,8.13,4.6,
1990-09-01,137.1,133.6,106.5,142.1,0.946,1.294,,3.025,0.7,10.27,8.2,4.7,
1990-10-01,137.6,134.1,110.8,142.4,1.012,1.378,,3.03,0.706,10.3,8.11,4.8,
1990-11-01,138.0,134.5,111.2,142.6,1.018,1.377,,2.945,0.71,10.32,7.81,4.7,
1990-12-01,138.6,134.6,111.0,143.2,1.001,1.354,,2.941,0.7,10.34,7.31,4.7,
1991-01-01,139.5,135.0,108.5,144.2,1.106,1.247,,2.945,0.705,10.37,6.91,3.9,
1991-02-01,140.2,135.1,104.5,144.5,0.987,1.143,,2.971,0.701,10.39,6.25,3.4,
1991-03-01,140.5,135.3,101.9,144.8,1.069,1.082,,2.894,0.702,10.41,6.12,3.3,
1991-04-01,140.9,136.1,101.2,145.2,1.002,1.104,,2.924,0.701,10.46,5.91,3.2,
1991-05-01,141.3,136.6,102.1,145.6,0.908,1.156,,2.879,0.705,10.5,5.78,3.1,
1991-06-01,141.8,137.4,101.1,145.9,0.884,1.16,,2.866,0.705,10.51,5.9,3.3,
1991-07-01,142.3,136.7,100.7,146.4,0.966,1.127,,2.805,0.7,10.54,5.82,3.1,
1991-08-01,142.9,136.2,101.1,146.7,1.024,1.14,,2.724,0.714,10.56,5.66,3.2,
1991-09-01,143.4,136.4,101.5,147.2,0.987,1.143,,2.692,0.717,10.58,5.45,3.0,
1991-10-01,143.7,136.2,101.6,147.7,0.976,1.122,,2.706,0.72,10.59,5.21,3.2,
1991-11-01,144.2,136.7,102.4,148.2,0.95,1.134,,2.673,0.731,10.61,4.81,2.9,
1991-12-01,144.7,137.0,103.1,148.9,1.012,1.123,,2.625,0.717,10.64,4.43,2.7,
1992-01-01,145.1,136.6,101.5,149.4,0.933,1.073,,2.668,0.726,10.64,4.03,2.7,
1992-02-01,145.4,137.1,101.2,149.6,0.881,1.054,,2.688,0.73,10.66,4.06,2.6,
1992-03-01,145.9,137.6,101.2,150.0,0.85,1.058,,2.631,0.747,10.68,3.98,2.6,
1992-04-01,146.3,137.5,101.4,150.2,0.829,1.079,,2.612,0.746,10.72,3.73,3.0,
1992-05-01,146.8,137.2,102.0,150.6,0.836,1.136,,2.66,0.752,10.74,3.82,2.9,
1992-06-01,147.1,137.6,103.3,151.1,0.801,1.179,,2.625,0.757,10.77,3.76,3.1,
1992-07-01,147.6,137.4,103.7,151.4,0.827,1.174,,2.645,0.771,10.78,3.25,2.7,
1992-08-01,147.9,138.4,103.5,151.7,0.809,1.158,,2.613,0.776,10.81,3.3,2.8,
1992-09-01,148.1,138.9,103.6,151.8,0.873,1.158,,2.537,0.756,10.83,3.22,3.0,
1992-10-01,148.8,138.9,104.3,152.5,0.858,1.154,,2.492,0.752,10.85,3.1,2.8,
1992-11-01,149.2,138.7,105.1,152.9,0.897,1.159,,2.391,0.747,10.86,3.09,2.9,
1992-12-01,149.6,138.8,105.3,153.2,0.928,1.136,,2.364,0.738,10.9,2.92,2.8,
1993-01-01,150.1,139.1,105.0,153.8,0.898,1.117,,2.352,0.748,10.93,3.02,2.9,
1993-02-01,150.6,139.6,104.3,154.1,0.895,1.108,,2.452,0.751,10.95,3.03,3.2,
1993-03-01,150.8,139.6,104.9,154.3,0.927,1.098,,2.462,0.742,10.99,3.07,3.1,
1993-04-01,151.4,140.0,104.9,155.0,0.997,1.112,,2.477,0.744,10.99,2.96,3.0,
1993-05-01,151.8,141.0,104.3,155.3,0.895,1.129,,2.514,0.752,11.01,3.0,2.9,
1993-06-01,152.1,140.6,103.9,155.8,0.921,1.13,,2.533,0.752,11.03,3.04,3.5,
1993-07-01,152.3,140.6,103.4,155.9,0.9,1.109,,2.548,0.762,11.05,3.06,3.0,
1993-08-01,152.8,141.1,103.4,156.2,0.929,1.097,,2.5,0.745,11.07,3.03,3.2,
1993-09-01,152.9,141.4,103.0,156.5,0.89,1.085,,2.493,0.748,11.09,3.09,3.0,
1993-10-01,153.4,142.0,105.3,156.9,0.897,1.127,,2.415,0.75,11.13,2.99,3.3,
1993-11-01,153.9,142.3,104.4,157.3,0.917,1.113,,2.433,0.771,11.15,3.02,2.8,
1993-12-01,154.3,142.8,103.7,157.8,0.871,1.07,,2.48,0.76,11.18,2.96,3.0,
1994-01-01,154.5,142.9,102.8,158.2,0.917,1.043,,2.53,0.768,11.2,3.05,2.8,
1994-02-01,154.8,142.7,104.1,158.8,0.903,1.051,,2.529,0.756,11.25,3.25,2.8,
1994-03-01,155.3,142.7,104.3,159.4,0.926,1.045,,2.515,0.755,11.25,3.34,3.0,
1994-04-01,155.5,143.0,103.7,159.5,0.861,1.064,,2.516,0.765,11.27,3.56,3.0,
1994-05-01,155.9,143.3,102.8,159.9,0.801,1.08,,2.535,0.765,11.29,4.01,3.1,
1994-06-01,156.4,143.8,103.1,160.1,0.841,1.106,,2.598,0.761,11.31,4.25,2.7,
1994-07-01,156.7,144.6,104.5,160.4,0.815,1.136,,3.341,0.759,11.34,4.26,2.9,
1994-08-01,157.1,145.1,106.7,161.2,0.895,1.182,,4.48,0.753,11.36,4.47,3.1,
1994-09-01,157.5,145.3,106.1,161.6,0.855,1.177,,4.458,0.776,11.39,4.73,3.4,
1994-10-01,157.8,145.3,105.7,162.1,0.81,1.152,,4.45,0.756,11.42,4.76,3.0,
1994-11-01,158.2,145.6,106.1,162.6,0.857,1.163,,4.482,0.766,11.45,5.29,3.2,
1994-12-01,158.3,146.8,105.9,162.5,0.873,1.143,,4.382,0.748,11.48,5.45,3.0,
1995-01-01,159.0,146.7,105.7,163.1,0.882,1.129,,4.398,0.767,11.48,5.53,3.0,
1995-02-01,159.4,147.3,105.8,163.5,0.863,1.12,,4.234,0.767,11.53,5.92,3.0,
1995-03-01,159.9,147.1,105.5,164.0,0.875,1.115,,4.108,0.775,11.55,5.98,3.2,
1995-04-01,160.4,148.1,105.6,164.5,0.833,1.14,,4.084,0.776,11.56,6.05,3.3,
1995-05-01,160.7,148.2,105.8,165.1,0.819,1.2,,4.067,0.768,11.59,6.01,3.0,
1995-06-01,161.1,148.3,106.7,165.5,0.825,1.226,,4.059,0.781,11.63,6.0,2.9,
1995-07-01,161.4,148.5,105.8,166.0,0.879,1.195,2.477,4.027,0.789,11.67,5.85,2.9,
1995-08-01,161.8,148.6,105.6,166.3,0.984,1.164,2.482,4.051,0.797,11.69,5.74,2.9,
1995-09-01,162.2,149.1,104.1,166.9,0.956,1.148,2.459,3.996,0.808,11.73,5.8,2.8,
1995-10-01,162.7,149.5,104.4,167.4,0.981,1.127,2.473,3.865,0.809,11.75,5.76,2.9,
1995-11-01,163.0,149.6,103.4,167.9,1.037,1.101,2.493,3.814,0.821,11.78,5.8,2.8,
1995-12-01,163.1,149.9,104.4,168.2,1.16,1.101,2.518,3.752,0.837,11.81,5.6,2.7,
1996-01-01,163.7,150.4,106.9,168.7,1.155,1.129,2.546,3.577,0.86,11.86,5.56,2.8,
1996-02-01,164.0,150.8,107.1,169.1,1.091,1.124,2.541,3.59,0.858,11.87,5.22,2.8,
1996-03-01,164.4,151.4,108.3,169.6,1.138,1.162,2.539,3.55,0.852,11.89,5.31,2.9,
1996-04-01,164.6,152.0,111.2,169.9,1.086,1.251,2.537,3.527,0.865,11.96,5.22,3.0,
1996-05-01,165.0,151.9,112.0,170.4,1.021,1.323,2.532,3.444,0.869,11.98,5.24,3.1,
1996-06-01,165.4,152.9,110.3,170.7,0.945,1.299,2.599,3.438,0.886,12.03,5.27,2.9,
1996-07-01,165.7,153.4,110.1,171.4,1.042,1.272,2.649,3.38,0.889,12.05,5.4,3.0,
1996-08-01,166.0,153.9,109.7,171.8,1.072,1.24,2.666,3.39,0.915,12.09,5.22,3.1,
1996-09-01,166.5,154.6,109.8,172.1,1.15,1.234,2.666,3.333,0.886,12.13,5.3,3.2,
1996-10-01,166.8,155.5,110.5,172.5,1.129,1.227,2.73,3.344,0.873,12.16,5.24,3.0,
1996-11-01,167.2,156.1,111.8,173.0,1.139,1.25,2.746,3.283,0.88,12.2,5.31,3.0,
1996-12-01,167.4,156.3,113.9,173.1,1.308,1.26,2.727,3.307,0.875,12.24,5.29,3.0,
1997-01-01,167.8,155.9,115.2,173.8,1.148,1.261,2.677,3.3,0.862,12.29,5.25,3.0,
1997-02-01,168.1,156.5,115.0,174.3,1.132,1.255,2.632,3.316,0.858,12.31,5.19,3.0,
1997-03-01,168.4,156.6,113.0,174.6,1.056,1.235,2.632,3.512,0.855,12.35,5.39,2.8,
1997-04-01,168.9,156.5,111.0,175.1,1.081,1.231,2.606,3.894,0.855,12.39,5.51,3.0,
1997-05-01,169.2,156.6,108.8,175.6,1.002,1.226,2.608,4.109,0.854,12.43,5.5,2.9,
1997-06-01,169.4,156.9,110.0,176.0,0.952,1.229,2.587,4.428,0.874,12.46,5.56,2.8,
1997-07-01,169.7,157.2,109.1,176.5,0.979,1.205,2.557,4.628,0.872,12.5,5.52,2.7,
1997-08-01,169.8,157.7,110.9,177.0,1.061,1.253,2.551,4.669,0.872,12.57,5.54,2.7,
1997-09-01,170.2,158.0,112.4,177.4,1.009,1.277,2.533,4.617,0.885,12.6,5.54,2.8,
1997-10-01,170.6,158.3,111.8,177.9,1.018,1.242,2.635,4.392,0.899,12.66,5.5,2.8,
1997-11-01,170.8,158.6,111.4,178.4,1.09,1.213,2.678,4.303,0.897,12.71,5.52,2.9,
1997-12-01,171.2,158.7,109.8,178.9,1.172,1.177,2.672,4.161,0.884,12.75,5.5,2.8,
1998-01-01,171.6,159.5,107.5,179.4,1.12,1.131,2.632,4.025,0.855,12.79,5.56,2.3,
1998-02-01,171.9,159.4,105.1,179.8,1.073,1.082,2.653,3.973,0.86,12.83,5.51,2.4,
1998-03-01,172.2,159.7,103.3,180.3,1.043,1.041,2.658,4.033,0.853,12.87,5.49,2.5,
1998-04-01,172.5,159.7,102.4,180.8,1.061,1.052,2.668,3.959,0.863,12.92,5.45,2.4,
1998-05-01,172.9,160.3,103.2,181.4,0.96,1.092,2.666,3.878,0.866,12.96,5.49,2.6,
1998-06-01,173.2,160.2,103.6,181.8,0.932,1.094,2.622,3.786,0.859,12.99,5.56,2.7,
1998-07-01,173.5,160.6,103.3,182.1,0.971,1.079,2.628,3.771,0.867,13.0,5.54,2.6,
1998-08-01,174.0,161.0,102.1,182.8,1.053,1.052,2.717,3.704,0.869,13.07,5.55,2.4,
1998-09-01,174.2,161.1,101.3,183.4,1.022,1.033,2.757,3.62,0.86,13.11,5.51,2.3,
1998-10-01,174.4,162.0,101.5,184.0,1.048,1.042,2.785,3.503,0.849,13.14,5.07,2.5,
1998-11-01,174.8,162.2,101.1,184.5,1.077,1.028,2.8,3.482,0.855,13.17,4.83,2.3,
1998-12-01,175.4,162.4,100.1,185.0,1.089,0.986,2.859,3.446,0.866,13.21,4.68,2.5,
1999-01-01,175.6,163.0,99.7,185.1,1.053,0.972,2.94,3.435,0.872,13.27,4.63,2.7,
1999-02-01,175.6,163.3,99.2,185.3,1.078,0.955,3.004,3.428,0.88,13.3,4.76,2.5,
1999-03-01,175.7,163.3,100.4,185.7,1.005,0.991,3.003,3.476,0.883,13.34,4.81,2.7,
1999-04-01,176.3,163.5,105.5,186.3,0.942,1.177,2.707,3.466,0.897,13.38,4.74,2.7,
1999-05-01,176.5,163.8,104.9,186.6,0.9,1.178,2.716,3.495,0.886,13.42,4.74,2.8,
1999-06-01,176.6,163.7,104.5,187.0,0.949,1.148,2.704,3.421,0.885,13.47,4.76,2.5,
1999-07-01,177.1,163.9,106.7,187.5,0.88,1.189,2.706,3.42,0.893,13.51,4.99,2.7,
1999-08-01,177.3,164.2,109.5,187.8,1.02,1.255,2.719,3.428,0.884,13.53,5.07,2.8,
1999-09-01,177.8,164.6,111.8,188.4,0.956,1.28,2.794,3.393,0.878,13.61,5.22,2.7,
1999-10-01,178.1,165.0,112.0,188.6,0.888,1.274,2.964,3.482,0.889,13.64,5.2,2.9,
1999-11-01,178.4,165.3,111.5,189.2,0.92,1.264,2.981,3.337,0.899,13.66,5.42,2.9,
1999-12-01,178.7,165.5,113.8,189.5,0.92,1.298,2.875,3.347,0.899,13.7,5.3,3.0,
2000-01-01,179.3,165.6,115.0,190.6,0.975,1.301,2.785,3.54,0.907,13.74,5.45,3.0,
2000-02-01,179.4,166.2,118.8,190.9,0.962,1.369,2.777,3.677,0.924,13.8,5.73,2.9,
2000-03-01,180.0,166.5,124.3,191.6,0.931,1.541,2.748,3.633,0.924,13.85,5.85,3.2,
2000-04-01,180.3,166.7,120.9,191.9,0.939,1.506,2.773,3.584,0.927,13.89,6.02,3.2,
2000-05-01,180.7,167.3,120.0,192.4,0.852,1.498,2.782,3.531,0.915,13.93,6.27,3.0,
2000-06-01,181.1,167.4,126.8,193.1,0.838,1.617,2.763,3.431,0.915,13.98,6.53,2.9,
2000-07-01,181.5,168.3,127.3,193.6,0.868,1.593,2.781,3.446,0.935,14.02,6.54,3.0,
2000-08-01,181.9,168.7,123.8,194.1,0.893,1.51,2.807,3.444,0.923,14.07,6.5,2.7,
2000-09-01,182.3,168.9,129.2,194.7,0.92,1.582,2.809,3.339,0.918,14.13,6.52,2.9,
2000-10-01,182.6,169.0,129.6,195.3,0.923,1.559,2.805,3.317,0.934,14.17,6.51,3.2,
2000-11-01,183.1,169.2,129.2,195.8,0.902,1.555,2.753,3.243,0.953,14.23,6.51,2.9,
2000-12-01,183.3,170.0,130.1,196.1,0.959,1.489,2.785,3.212,0.987,14.29,6.4,2.8,
2001-01-01,183.9,170.3,135.0,196.8,1.011,1.472,2.852,3.224,0.982,14.29,5.98,3.0,
2001-02-01,184.4,171.2,134.1,197.5,0.943,1.484,2.847,3.217,0.994,14.36,5.49,2.8,
2001-03-01,184.7,171.7,131.7,198.3,0.886,1.447,2.76,3.205,1.02,14.42,5.31,2.8,
2001-04-01,185.1,172.1,132.3,198.8,1.028,1.564,2.845,3.128,1.008,14.44,4.8,3.1,
2001-05-01,185.3,172.4,138.4,199.6,0.881,1.729,2.893,3.097,0.995,14.5,4.21,3.2,
2001-06-01,186.0,173.1,136.9,200.5,0.92,1.64,2.911,3.156,0.989,14.54,3.97,3.0,
2001-07-01,186.4,173.6,129.6,200.9,0.862,1.482,2.933,3.097,0.987,14.55,3.77,2.6,
2001-08-01,186.7,174.0,127.3,201.8,0.929,1.427,2.89,3.046,0.991,14.6,3.65,2.7,
2001-09-01,187.1,174.2,130.9,202.0,0.916,1.531,2.941,3.025,0.996,14.62,3.07,2.8,
2001-10-01,187.4,174.8,122.9,202.5,0.916,1.362,2.954,3.015,1.01,14.66,2.49,1.0,
2001-11-01,188.1,174.9,116.9,203.5,0.935,1.263,2.89,2.988,1.012,14.72,2.09,0.4,
2001-12-01,188.4,174.7,113.9,204.3,0.925,1.131,2.895,2.913,1.005,14.74,1.82,1.8,
2002-01-01,188.7,175.3,114.2,205.1,0.973,1.139,2.812,2.936,1.001,14.76,1.73,1.9,
2002-02-01,189.1,175.7,113.5,206.0,0.996,1.13,2.807,2.946,1.008,14.78,1.74,2.1,
2002-03-01,189.2,176.1,117.6,206.3,1.003,1.241,2.816,2.859,1.012,14.82,1.73,2.7,
2002-04-01,189.7,176.4,121.5,207.0,1.047,1.407,2.779,2.976,1.005,14.84,1.75,2.8,
2002-05-01,190.0,175.8,121.9,207.4,0.997,1.421,2.782,3.011,1.012,14.88,1.75,2.7,
2002-06-01,190.2,175.9,121.6,207.8,0.975,1.404,2.768,2.938,1.011,14.93,1.75,2.7,
2002-07-01,190.5,176.1,122.4,208.2,0.99,1.412,2.747,2.977,1.015,14.97,1.73,2.6,
2002-08-01,191.1,176.1,123.1,208.9,1.053,1.423,2.72,2.929,1.012,15.02,1.74,2.6,
2002-09-01,191.3,176.5,123.7,209.4,1.055,1.422,2.728,2.921,1.016,15.05,1.75,2.5,
2002-10-01,191.5,176.4,126.9,209.7,1.039,1.449,2.727,2.872,1.015,15.12,1.75,2.5,
2002-11-01,191.9,176.9,126.7,210.4,1.08,1.448,2.719,2.882,1.054,15.15,1.34,2.4,
2002-12-01,192.1,177.1,127.1,210.8,1.176,1.394,2.682,2.838,1.026,15.2,1.24,2.5,
2003-01-01,192.4,177.1,133.5,211.5,1.175,1.473,2.686,2.999,1.042,15.21,1.24,2.5,1.7543
2003-02-01,192.5,178.1,140.8,211.6,1.189,1.641,2.689,2.924,1.048,15.28,1.26,2.7,1.9126
2003-03-01,192.5,178.4,143.9,211.5,1.209,1.748,2.656,2.933,1.042,15.27,1.25,3.1,1.8629
2003-04-01,192.5,178.5,136.5,211.6,1.131,1.659,2.674,3.008,1.047,15.28,1.26,2.4,1.7748
2003-05-01,192.9,178.8,129.4,212.6,1.009,1.542,2.685,2.937,1.001,15.33,1.26,2.0,1.661
2003-06-01,193.0,179.7,129.8,212.6,1.199,1.514,2.676,2.931,0.961,15.36,1.22,2.1,1.6124
2003-07-01,193.4,179.8,132.2,213.2,1.15,1.524,2.708,2.944,1.002,15.4,1.01,1.7,1.8659
2003-08-01,193.6,180.5,137.8,213.6,1.277,1.628,2.666,2.921,0.996,15.42,1.03,2.5,2.1248
2003-09-01,193.7,180.9,142.9,214.0,1.257,1.728,2.904,2.919,0.994,15.42,1.01,2.8,2.0881
2003-10-01,194.0,181.6,137.8,214.7,1.33,1.603,2.905,2.825,0.969,15.42,1.01,2.6,2.2141
2003-11-01,194.0,182.6,136.9,215.1,1.448,1.535,2.937,2.779,0.953,15.46,1.0,2.7,2.3361
2003-12-01,194.2,183.5,138.8,215.5,1.559,1.494,2.947,2.875,0.954,15.47,0.98,2.6,2.2841
2004-01-01,194.6,183.4,143.9,215.9,1.573,1.592,2.879,2.892,0.946,15.51,1.0,2.7,2.263
2004-02-01,194.9,183.9,145.8,215.8,1.583,1.672,2.814,2.856,0.943,15.53,1.01,2.6,2.3221
2004-03-01,195.5,184.2,145.1,217.0,1.625,1.766,2.786,2.932,0.947,15.56,1.0,2.9,2.3613
2004-04-01,195.9,184.6,143.4,217.8,1.562,1.833,2.906,2.908,0.974,15.59,1.0,3.2,2.4448
2004-05-01,196.2,186.1,147.6,218.5,1.372,2.009,3.374,2.831,0.96,15.63,1.0,3.3,2.6255
2004-06-01,196.6,186.4,151.5,218.9,1.311,2.041,3.574,2.75,0.979,15.67,1.03,3.3,2.5876
2004-07-01,196.8,186.8,151.1,219.3,1.253,1.939,3.479,2.878,0.985,15.69,1.26,3.0,2.4738
2004-08-01,196.9,187.0,151.5,219.6,1.277,1.898,3.297,2.878,0.996,15.73,1.43,2.8,2.4218
2004-09-01,197.5,186.9,152.9,220.4,1.145,1.891,3.149,2.874,0.985,15.78,1.61,2.8,2.3267
2004-10-01,197.9,187.8,158.6,220.7,1.089,2.029,3.161,2.84,0.972,15.81,1.76,3.1,2.368
2004-11-01,198.3,188.4,163.8,220.9,1.085,2.01,3.219,2.778,0.976,15.84,1.93,2.8,2.518
2004-12-01,198.6,188.4,162.3,221.3,1.199,1.882,3.233,2.776,0.97,15.86,2.16,3.0,2.5623
2005-01-01,199.0,188.7,157.2,221.7,1.211,1.823,3.304,3.049,0.997,15.9,2.28,2.9,2.498
2005-02-01,199.4,188.6,161.8,222.5,1.284,1.918,3.176,2.94,0.982,15.93,2.5,2.9,2.5342
2005-03-01,200.1,189.1,163.5,223.7,1.132,2.065,3.226,3.009,1.002,15.97,2.63,3.2,2.7105
2005-04-01,200.2,190.4,166.7,223.7,1.164,2.283,3.225,3.24,1.004,16.01,2.79,3.3,2.6352
2005-05-01,200.5,190.6,163.3,223.8,1.185,2.216,3.207,3.329,1.086,16.04,3.0,3.2,2.491
2005-06-01,200.6,190.5,163.7,224.0,1.139,2.176,3.122,3.416,1.09,16.08,3.04,3.2,2.3236
2005-07-01,200.9,190.9,172.8,224.6,1.165,2.316,3.09,3.334,1.067,16.15,3.26,3.0,2.301
2005-08-01,201.1,191.1,183.5,224.9,1.166,2.506,3.136,3.482,1.06,16.17,3.5,3.1,2.3735
2005-09-01,201.3,191.5,208.2,224.6,1.279,2.927,3.133,3.376,1.052,16.19,3.62,4.3,2.5
2005-10-01,202.0,192.0,205.9,225.8,1.264,2.785,3.171,3.447,1.043,16.28,3.78,4.6,2.521
2005-11-01,202.5,192.6,191.0,226.5,1.279,2.343,3.211,3.293,1.055,16.3,4.0,3.3,2.4715
2005-12-01,202.8,192.9,187.6,227.1,1.35,2.186,3.241,3.235,1.046,16.36,4.16,3.1,2.3438
2006-01-01,203.2,193.6,196.6,227.5,1.449,2.315,3.197,3.232,1.046,16.42,4.29,3.0,2.41
2006-02-01,203.6,193.7,194.1,228.3,1.328,2.31,3.224,3.174,1.029,16.48,4.49,3.0,2.52
2006-03-01,204.3,194.0,192.0,229.3,1.302,2.401,3.161,3.301,1.04,16.54,4.59,3.0,2.5265
2006-04-01,204.8,193.8,198.5,230.1,1.283,2.757,3.123,3.292,1.072,16.63,4.79,3.3,2.5816
2006-05-01,205.4,194.1,199.8,231.0,1.206,2.947,3.066,3.349,1.086,16.65,4.94,4.0,2.6641
2006-06-01,205.9,194.7,199.8,231.9,1.242,2.917,3.001,3.158,1.074,16.72,4.99,3.3,2.5768
2006-07-01,206.3,195.2,207.9,232.7,1.213,2.999,3.083,3.154,1.071,16.78,5.24,3.2,2.5805
2006-08-01,206.8,195.7,211.9,233.5,1.244,2.985,3.019,3.196,1.088,16.82,5.25,3.8,2.5857
2006-09-01,207.2,196.3,198.1,234.0,1.254,2.589,3.049,3.173,1.083,16.87,5.25,3.1,2.3995
2006-10-01,207.6,196.9,184.1,235.0,1.257,2.272,3.064,3.138,1.097,16.93,5.25,3.1,2.3176
2006-11-01,207.8,197.0,184.1,235.8,1.354,2.241,2.985,3.158,1.143,16.98,5.25,3.0,2.3033
2006-12-01,208.1,197.1,192.7,236.5,1.543,2.334,3.004,3.113,1.137,17.05,5.24,2.9,2.314
2007-01-01,208.6,198.378,190.281,237.255,1.549,2.274,3.067,3.288,1.153,17.09,5.25,3.0,2.3229
2007-02-01,209.135,199.736,192.31,238.107,1.746,2.285,3.083,3.456,1.168,17.16,5.26,3.0,2.3621
2007-03-01,209.418,200.432,200.206,238.538,1.634,2.592,3.072,3.475,1.161,17.22,5.26,3.0,2.3877
2007-04-01,209.747,200.952,203.307,239.14,1.616,2.86,3.135,3.437,1.201,17.27,5.25,3.3,2.4381
2007-05-01,210.058,201.735,208.635,239.637,1.504,3.13,3.259,3.308,1.192,17.34,5.25,3.3,2.3727
2007-06-01,210.392,202.557,209.799,240.345,1.373,3.052,3.427,3.407,1.193,17.41,5.25,3.4,2.4119
2007-07-01,210.773,203.232,209.639,240.843,1.502,2.961,3.736,3.529,1.209,17.46,5.26,3.4,2.3676
2007-08-01,211.119,204.008,206.412,241.45,1.634,2.782,3.807,3.497,1.21,17.5,5.02,3.2,2.2365
2007-09-01,211.554,205.003,210.742,242.037,1.825,2.789,3.841,,1.212,17.55,4.94,3.1,2.2642
2007-10-01,212.077,205.651,212.386,242.581,1.771,2.793,3.838,,1.274,17.58,4.76,3.1,2.3255
2007-11-01,212.66,206.493,223.814,243.305,1.862,3.069,3.904,3.607,1.235,17.63,4.49,3.4,2.3805
2007-12-01,213.168,206.874,225.649,243.979,2.099,3.02,3.87,3.685,1.28,17.68,4.24,3.4,2.3085
2008-01-01,213.771,208.126,226.775,244.564,2.175,3.047,3.871,,1.281,17.74,3.94,3.4,2.2752
2008-02-01,213.939,208.901,229.731,244.926,2.168,3.033,3.869,,1.321,17.8,2.98,3.6,2.3325
2008-03-01,214.42,209.324,233.349,245.659,2.203,3.258,3.781,,1.35,17.87,2.61,4.3,2.419
2008-04-01,214.56,211.127,234.778,245.608,2.069,3.441,3.799,,1.373,17.92,2.28,4.8,2.3127
2008-05-01,214.936,212.019,243.924,245.902,1.93,3.764,3.76,,1.37,17.98,1.98,5.2,2.42
2008-06-01,215.424,213.333,262.081,246.406,1.92,4.065,3.773,,1.373,18.04,2.0,5.1,2.471
2008-07-01,215.965,215.434,271.149,246.863,2.011,4.09,3.961,,1.384,18.1,2.01,5.1,2.4386
2008-08-01,216.393,216.528,262.566,247.208,1.854,3.786,3.886,,1.381,18.18,2.0,4.8,2.2095
2008-09-01,216.713,217.768,260.125,247.723,1.978,3.698,3.773,,1.379,18.2,1.81,4.3,1.8362
2008-10-01,216.788,218.667,238.065,247.995,1.858,3.173,3.656,,1.393,18.25,0.97,3.9,1.0618
2008-11-01,216.947,219.07,195.155,248.486,1.838,2.151,3.734,,1.377,18.31,0.39,2.9,0.6383
2008-12-01,216.925,219.073,176.583,248.508,1.834,1.689,3.681,,1.415,18.39,0.16,1.7,0.2464
2009-01-01,217.346,219.234,178.661,248.963,1.85,1.787,3.575,,1.381,18.39,0.15,2.2,0.6055
2009-02-01,217.792,218.949,183.721,249.087,1.795,1.928,3.319,,1.404,18.44,0.22,1.9,1.1179
2009-03-01,218.253,218.51,178.415,249.36,1.693,1.949,3.116,,1.41,18.49,0.18,2.0,1.1105
2009-04-01,218.706,218.175,177.552,249.579,1.774,2.056,3.084,,1.395,18.52,0.15,2.8,1.3595
2009-05-01,218.904,217.813,179.83,249.643,1.501,2.265,3.068,,1.413,18.53,0.18,2.8,1.576
2009-06-01,219.112,217.813,197.033,249.492,1.529,2.631,3.009,,1.385,18.56,0.21,3.1,1.8595
2009-07-01,219.263,217.387,195.778,249.149,1.495,2.543,2.992,,1.391,18.59,0.16,2.9,1.7395
2009-08-01,219.496,217.376,201.583,249.519,1.632,2.627,2.979,,1.375,18.67,0.16,2.8,1.8133
2009-09-01,219.92,217.258,202.777,249.415,1.627,2.574,2.981,,1.34,18.7,0.15,2.2,1.76
2009-10-01,220.501,217.452,204.719,249.643,1.595,2.561,3.046,,1.392,18.74,0.12,2.9,1.9043
2009-11-01,220.666,217.581,210.932,249.211,1.705,2.66,3.034,,1.373,18.8,0.12,2.7,2.1274
2009-12-01,220.881,217.904,209.915,249.219,1.772,2.621,3.105,3.669,1.39,18.84,0.12,2.5,2.2255
2010-01-01,220.633,218.489,212.807,248.034,1.789,2.731,3.236,3.811,1.36,18.88,0.11,2.8,2.3584
2010-02-01,220.731,218.552,209.624,247.997,1.872,2.659,3.203,3.736,1.361,18.91,0.13,2.7,2.2721
2010-03-01,220.783,218.99,209.326,247.914,1.822,2.78,3.188,3.565,1.368,18.92,0.16,2.7,2.2191
2010-04-01,220.822,219.209,209.219,247.959,1.779,2.858,3.14,3.641,1.363,18.96,0.2,2.9,2.3459
2010-05-01,220.962,219.331,206.631,248.128,1.523,2.869,3.178,3.664,1.359,19.01,0.2,3.2,2.113
2010-06-01,221.194,219.285,203.764,248.295,1.494,2.736,3.297,3.697,1.383,19.03,0.18,2.8,1.9473
2010-07-01,221.363,219.234,206.877,248.43,1.441,2.736,3.313,3.857,1.36,19.04,0.18,2.7,1.7705
2010-08-01,221.509,219.48,208.77,248.43,1.519,2.745,3.303,3.935,1.372,19.11,0.19,2.7,1.6768
2010-09-01,221.711,220.219,209.832,248.568,1.753,2.704,3.278,4.174,1.386,19.11,0.19,2.2,1.7386
2010-10-01,221.83,220.521,216.71,248.692,1.456,2.795,3.321,4.175,1.407,19.21,0.19,2.7,2.015
2010-11-01,222.149,220.946,219.496,248.993,1.675,2.852,3.327,4.467,1.375,19.21,0.19,3.0,2.097
2010-12-01,222.343,221.215,227.13,249.284,1.793,2.985,3.318,4.146,1.386,19.23,0.18,3.0,2.2468
2011-01-01,222.803,222.469,229.258,249.621,1.806,3.091,3.301,4.417,1.401,19.33,0.17,3.4,2.3335
2011-02-01,223.213,223.504,232.068,249.924,1.708,3.167,3.357,4.218,1.398,19.31,0.16,3.4,2.3384
2011-03-01,223.454,225.213,240.079,250.158,1.732,3.546,3.503,4.642,1.415,19.3,0.14,4.6,2.4504
2011-04-01,223.727,226.072,247.977,250.412,1.727,3.816,3.597,5.101,1.42,19.36,0.1,4.6,2.5915
2011-05-01,224.175,226.94,250.744,250.66,1.692,3.933,3.653,5.129,1.472,19.41,0.09,4.1,2.39
2011-06-01,224.697,227.515,245.534,251.178,1.683,3.702,3.622,5.234,1.49,19.41,0.09,3.8,2.2468
2011-07-01,225.218,228.482,246.187,251.834,1.647,3.654,3.654,5.547,1.513,19.48,0.07,3.4,2.3795
2011-08-01,225.862,229.634,246.88,252.329,1.711,3.63,3.713,5.766,1.474,19.47,0.1,3.5,2.1678
2011-09-01,226.118,230.682,248.55,252.668,1.947,3.612,3.715,5.651,1.477,19.49,0.08,3.3,1.8976
2011-10-01,226.506,230.899,246.655,253.184,1.871,3.468,3.622,5.511,1.457,19.56,0.07,3.2,1.966
2011-11-01,226.899,231.118,247.64,253.619,1.836,3.423,3.557,5.636,1.399,19.56,0.08,3.2,2.012
2011-12-01,227.405,231.557,243.353,254.15,1.874,3.278,3.565,5.437,1.42,19.57,0.07,3.1,2.0095
2012-01-01,227.877,232.213,244.876,254.512,1.939,3.399,3.583,5.497,1.423,19.59,0.08,3.3,2.0745
2012-02-01,228.034,232.14,248.898,254.951,1.798,3.572,3.52,5.382,1.442,19.58,0.1,3.3,2.222
2012-03-01,228.478,232.591,249.742,255.474,1.774,3.868,3.499,5.558,1.395,19.64,0.13,3.9,2.3141
2012-04-01,228.905,233.044,249.677,256.056,1.829,3.927,3.474,5.513,1.426,19.68,0.14,3.2,2.2667
2012-05-01,229.224,233.219,241.806,256.451,1.691,3.792,3.427,5.596,1.412,19.68,0.16,3.0,2.1445
2012-06-01,229.623,233.683,235.897,256.813,1.67,3.552,3.396,5.582,1.403,19.71,0.16,3.1,2.1229
2012-07-01,229.97,233.845,233.568,257.153,1.648,3.451,3.428,5.723,1.427,19.75,0.16,3.0,2.1286
2012-08-01,230.233,234.244,244.987,257.647,1.884,3.707,3.474,5.693,1.407,19.74,0.13,3.6,2.2639
2012-09-01,230.659,234.404,252.987,258.233,1.889,3.856,3.469,5.693,1.401,19.79,0.14,3.3,2.4363
2012-10-01,231.024,234.843,256.017,258.816,1.96,3.786,3.524,5.888,1.422,19.79,0.16,3.1,2.4948
2012-11-01,231.33,235.253,248.819,259.216,1.963,3.488,3.536,6.066,1.418,19.84,0.16,3.1,2.4265
2012-12-01,231.725,235.677,244.708,259.644,2.007,3.331,3.58,5.921,1.436,19.9,0.16,3.2,2.4765
2013-01-01,232.229,236.011,245.025,260.142,1.933,3.351,3.526,5.902,1.422,19.93,0.14,3.3,2.5233
2013-02-01,232.569,235.992,255.696,260.719,1.965,3.693,3.48,5.742,1.411,19.99,0.15,3.3,2.5547
2013-03-01,232.794,236.213,246.595,261.176,1.925,3.735,3.431,6.014,1.412,20.01,0.14,3.2,2.5425
2013-04-01,232.832,236.655,240.473,261.679,1.918,3.59,3.428,5.674,1.409,20.04,0.15,3.1,2.4114
2013-05-01,232.996,236.454,240.468,262.263,1.87,3.623,3.441,5.678,1.401,20.05,0.11,3.1,2.2832
2013-06-01,233.35,236.98,242.711,262.797,1.859,3.633,3.458,5.588,1.439,20.13,0.09,3.0,2.0485
2013-07-01,233.88,237.184,242.986,263.239,1.833,3.628,3.449,5.394,1.434,20.14,0.09,3.1,2.1223
2013-08-01,234.336,237.451,244.833,263.86,1.838,3.6,3.448,5.214,1.408,20.17,0.08,3.0,2.1845
2013-09-01,234.7,237.519,242.745,264.321,1.897,3.556,3.428,5.091,1.419,20.23,0.08,3.3,2.1455
2013-10-01,234.921,237.75,241.954,264.684,1.925,3.375,3.462,5.149,1.358,20.25,0.09,3.0,2.1873
2013-11-01,235.359,237.947,242.718,265.496,1.925,3.251,3.491,5.04,1.382,20.31,0.08,2.9,2.1705
2013-12-01,235.759,238.182,245.733,266.228,2.026,3.277,3.501,4.948,1.385,20.34,0.09,3.0,2.1633
2014-01-01,235.961,238.492,250.34,266.892,2.008,3.32,3.552,5.025,1.365,20.39,0.07,3.1,2.2262
2014-02-01,236.185,239.408,249.925,267.481,1.998,3.364,3.561,5.002,1.388,20.51,0.07,3.2,2.1574
2014-03-01,236.625,240.447,249.961,268.287,2.061,3.532,3.669,5.005,1.359,20.5,0.08,3.2,2.1676
2014-04-01,237.072,241.241,249.864,268.923,2.119,3.659,3.687,5.204,1.388,20.51,0.09,3.2,2.1624
2014-05-01,237.529,242.408,249.213,269.715,1.996,3.691,3.735,5.153,1.401,20.53,0.09,3.3,2.191
2014-06-01,237.837,242.646,249.714,270.149,1.948,3.695,3.626,4.67,1.4,20.6,0.1,3.1,2.229
2014-07-01,238.195,243.235,248.744,270.891,1.95,3.633,3.645,5.099,1.413,20.61,0.09,3.3,2.2627
2014-08-01,238.405,243.792,245.699,271.493,1.979,3.481,3.673,5.167,1.396,20.66,0.09,3.2,2.1962
2014-09-01,238.786,244.48,241.61,272.118,1.97,3.403,3.732,5.215,1.405,20.66,0.09,3.0,2.0733
2014-10-01,239.191,244.866,237.061,272.73,1.951,3.182,3.766,5.032,1.414,20.7,0.09,2.9,1.92
2014-11-01,239.458,245.394,229.016,273.436,2.032,2.887,3.858,4.713,1.42,20.77,0.09,2.8,1.88
2014-12-01,239.584,246.237,218.536,273.997,2.21,2.56,3.82,4.59,1.466,20.71,0.12,2.8,1.6968
2015-01-01,239.811,246.197,199.926,274.762,2.113,2.11,3.758,4.738,1.479,20.8,0.11,2.5,1.607
2015-02-01,240.172,246.495,203.021,275.47,2.088,2.249,3.496,4.91,1.435,20.84,0.11,2.8,1.7153
2015-03-01,240.755,246.072,205.757,276.258,2.133,2.483,3.463,4.827,1.44,20.91,0.11,3.0,1.7618
2015-04-01,241.346,246.002,203.577,277.003,2.065,2.485,3.397,4.99,1.454,20.92,0.12,2.6,1.8582
2015-05-01,241.688,246.239,208.973,277.524,1.962,2.775,3.387,4.715,1.463,20.98,0.12,2.8,1.8655
2015-06-01,242.064,246.937,212.015,278.284,2.57,2.832,3.366,4.686,1.467,21.0,0.13,2.7,1.8659
2015-07-01,242.565,247.157,211.623,279.329,2.57,2.832,3.43,4.79,1.447,21.03,0.13,2.8,1.8209
2015-08-01,242.817,247.742,208.579,279.921,2.943,2.679,3.389,4.808,1.42,21.11,0.14,2.8,1.6114
2015-09-01,243.316,248.492,197.246,280.737,2.966,2.394,3.392,4.669,1.432,21.09,0.14,2.8,1.5229
2015-10-01,243.768,248.755,195.616,281.429,2.808,2.289,3.338,4.609,1.418,21.19,0.12,2.7,1.4986
2015-11-01,244.241,248.525,195.114,282.129,2.664,2.185,3.299,4.412,1.409,21.21,0.12,2.7,1.5705
2015-12-01,244.547,248.206,190.143,282.779,2.751,2.06,3.31,4.486,1.428,21.23,0.24,2.6,1.515
2016-01-01,244.955,248.353,185.235,283.714,2.328,1.967,3.313,4.498,1.425,21.31,0.34,2.5,1.42
2016-02-01,245.51,248.606,176.401,284.502,2.267,1.767,3.23,4.447,1.407,21.33,0.38,2.5,1.3075
2016-03-01,245.913,248.029,182.234,285.122,2.081,1.958,3.187,4.405,1.416,21.39,0.36,2.7,1.5518
2016-04-01,246.551,248.235,186.713,285.853,1.793,2.134,3.155,4.428,1.406,21.46,0.37,2.8,1.6148
2016-05-01,247.137,247.856,188.596,286.855,1.684,2.264,3.157,4.443,1.382,21.48,0.37,2.4,1.5943
2016-06-01,247.54,247.683,192.899,287.819,1.491,2.363,3.115,4.481,1.333,21.52,0.38,2.6,1.47
2016-07-01,247.829,247.658,189.046,288.524,1.546,2.225,3.062,4.428,1.349,21.58,0.39,2.7,1.4655
2016-08-01,248.423,247.746,188.772,289.367,1.455,2.155,3.141,4.316,1.341,21.6,0.4,2.5,1.4683
2016-09-01,248.842,247.772,192.243,290.369,1.471,2.208,3.229,4.372,1.329,21.62,0.4,2.4,1.5148
2016-10-01,249.142,247.812,195.979,291.378,1.39,2.243,3.292,4.309,1.343,21.71,0.4,2.4,1.667
2016-11-01,249.481,247.741,196.372,292.227,1.321,2.187,3.28,4.306,1.362,21.71,0.41,2.4,1.822
2016-12-01,249.92,247.725,199.513,293.066,1.383,2.23,3.29,4.281,1.362,21.76,0.54,2.2,1.9357
2017-01-01,250.467,248.065,205.369,293.769,1.599,2.351,3.318,4.468,1.351,21.82,0.65,2.6,2.0115
2017-02-01,250.998,248.735,204.133,294.543,1.464,2.299,3.3,4.583,1.358,21.85,0.66,2.7,2.0189
2017-03-01,250.944,249.244,202.528,295.012,1.404,2.323,3.315,4.65,1.329,21.88,0.79,2.5,1.9961
2017-04-01,251.227,249.589,202.954,295.741,1.409,2.418,3.259,4.622,1.328,21.94,0.9,2.5,1.9063
2017-05-01,251.43,249.972,198.449,296.461,1.414,2.386,3.242,4.597,1.327,21.97,0.91,2.6,1.8368
2017-06-01,251.746,249.77,197.808,297.215,1.332,2.337,3.213,4.545,1.335,22.02,1.04,2.6,1.7286
2017-07-01,251.985,250.185,195.994,297.676,1.333,2.281,3.219,4.335,1.327,22.07,1.15,2.6,1.772
2017-08-01,252.535,250.469,201.45,298.904,1.367,2.374,3.168,4.373,1.348,22.1,1.16,2.6,1.7757
2017-09-01,252.812,250.826,212.723,299.711,1.422,2.63,3.209,4.323,1.349,22.18,1.15,2.7,1.834
2017-10-01,253.526,251.048,208.328,300.814,1.54,2.484,3.158,4.327,1.328,22.18,1.15,2.4,1.8619
2017-11-01,253.816,251.195,213.047,301.43,1.506,2.548,3.15,4.324,1.295,22.22,1.16,2.5,1.8576
2017-12-01,254.344,251.716,213.574,302.428,1.815,2.459,3.155,4.285,1.316,22.29,1.3,2.7,1.8995
2018-01-01,255.204,252.377,216.855,303.213,1.769,2.539,2.961,4.291,1.281,22.36,1.41,2.7,2.0438
2018-02-01,255.711,252.264,220.141,303.784,1.755,2.575,2.923,4.267,1.265,22.41,1.42,2.7,2.1016
2018-03-01,256.271,252.365,215.72,304.812,1.831,2.572,2.903,4.343,1.309,22.49,1.51,2.8,2.0905
2018-04-01,256.63,252.867,219.165,305.72,2.081,2.737,2.924,4.313,1.281,22.55,1.69,2.7,2.1276
2018-05-01,257.145,252.864,221.045,306.808,1.987,2.907,2.919,4.294,1.293,22.6,1.7,2.8,2.1418
2018-06-01,257.399,253.167,220.947,307.183,1.628,2.914,2.877,,1.279,22.66,1.82,3.0,2.1176
2018-07-01,257.699,253.598,219.929,308.05,1.725,2.873,2.839,,1.293,22.7,1.91,2.9,2.1143
2018-08-01,257.891,253.949,222.781,309.004,1.622,2.862,2.871,,1.302,22.78,1.91,3.0,2.0991
2018-09-01,258.368,254.302,223.955,309.522,1.651,2.873,2.89,4.306,1.288,22.86,1.95,2.7,2.1232
2018-10-01,258.917,254.17,226.022,310.401,1.66,2.887,2.913,,1.277,22.89,2.19,2.9,2.1114
2018-11-01,259.439,254.887,218.5,311.247,1.596,2.671,2.877,,1.274,23.0,2.2,2.8,2.004
2018-12-01,260.063,255.877,213.63,312.132,1.595,2.414,2.853,,1.29,23.11,2.27,2.7,1.8163
2019-01-01,260.766,256.533,204.34,312.998,1.554,2.289,2.913,,1.274,23.13,2.4,2.7,1.7938
2019-02-01,261.186,257.253,208.144,314.072,1.557,2.353,2.9,,1.282,23.19,2.4,2.6,1.8768
2019-03-01,261.567,257.681,214.934,315.051,1.544,2.564,2.944,,1.261,23.29,2.41,2.5,1.9129
2019-04-01,261.997,257.325,222.42,316.172,1.463,2.835,2.98,,1.285,23.33,2.42,2.5,1.9367
2019-05-01,262.217,257.818,220.523,317.03,1.362,2.901,2.963,,1.289,23.4,2.39,2.9,1.8264
2019-06-01,262.739,257.952,214.926,317.949,1.203,2.752,3.054,,1.28,23.48,2.38,2.7,1.7
2019-07-01,263.28,258.059,216.696,318.777,1.243,2.776,3.031,,1.281,23.53,2.4,2.6,1.7527
2019-08-01,263.877,258.288,213.847,319.37,1.219,2.655,3.045,,1.275,23.61,2.13,2.7,1.5864
2019-09-01,264.388,258.865,213.015,320.436,1.383,2.63,3.102,,1.296,23.68,2.04,2.8,1.587
2019-10-01,264.97,259.434,215.268,320.862,1.282,2.673,3.119,4.174,1.325,23.75,1.83,2.5,1.5609
2019-11-01,265.548,260.048,217.488,321.611,1.405,2.62,3.189,4.197,1.361,23.83,1.55,2.5,1.6405
2019-12-01,266.02,260.483,221.18,322.247,1.535,2.587,3.188,4.053,1.363,23.85,1.55,2.3,1.7181
2020-01-01,266.716,261.293,220.147,323.487,1.461,2.567,3.253,4.174,1.351,23.91,1.55,2.5,1.721
2020-02-01,267.37,261.962,214.294,324.483,1.449,2.465,3.196,4.25,1.375,24.03,1.58,2.4,1.6158
2020-03-01,267.054,262.622,201.681,324.54,1.525,2.267,3.248,4.334,1.374,24.12,0.65,2.2,0.9868
2020-04-01,265.746,266.37,182.586,324.391,2.019,1.876,3.267,4.396,1.406,25.14,0.05,2.1,1.1033
2020-05-01,265.412,268.086,180.04,324.973,1.64,1.879,3.21,4.466,1.412,24.98,0.05,3.2,1.1155
2020-06-01,265.849,269.553,188.734,325.425,1.554,2.076,3.198,4.517,1.474,24.78,0.08,3.0,1.2732
2020-07-01,267.389,268.532,191.966,326.249,1.401,2.176,3.255,4.536,1.485,24.69,0.09,3.0,1.4564
2020-08-01,268.422,268.957,193.307,326.782,1.328,2.177,3.406,4.504,1.495,24.8,0.1,3.1,1.6614
2020-09-01,268.933,269.043,196.705,327.043,1.353,2.193,3.448,4.487,1.492,24.82,0.09,2.6,1.6562
2020-10-01,269.306,269.653,196.113,327.421,1.408,2.159,3.38,4.522,1.503,24.84,0.09,2.6,1.7038
2020-11-01,269.981,269.636,197.017,327.801,1.45,2.09,3.425,4.485,1.515,24.94,0.09,2.8,1.7121
2020-12-01,270.341,270.781,205.67,328.217,1.481,2.168,3.535,4.52,1.538,25.16,0.09,2.5,1.9159
2021-01-01,270.387,271.195,212.47,328.535,1.466,2.326,3.468,4.591,1.546,25.16,0.09,3.0,2.0816
2021-02-01,270.793,271.425,219.242,329.124,1.597,2.496,3.368,4.673,1.537,25.25,0.08,3.3,2.18
2021-03-01,271.459,271.636,229.617,329.947,1.625,2.791,3.348,4.671,1.526,25.33,0.07,3.1,2.2752
2021-04-01,273.66,272.715,227.255,331.208,1.62,2.839,3.447,4.752,1.51,25.52,0.07,3.4,2.3495
2021-05-01,275.465,273.932,229.854,332.111,1.625,2.972,3.497,4.566,1.511,25.68,0.06,4.6,2.468
2021-06-01,277.651,275.997,233.603,333.835,1.642,3.154,3.557,4.605,1.51,25.82,0.08,4.2,2.3427
2021-07-01,278.648,277.813,236.488,335.446,1.642,3.233,3.627,4.562,1.491,25.97,0.1,4.7,2.3276
2021-08-01,278.997,279.01,240.692,336.022,1.709,3.255,3.56,4.726,1.467,26.12,0.09,4.6,2.3486
2021-09-01,279.698,281.366,245.302,337.357,1.835,3.265,3.585,4.733,1.58,26.3,0.08,4.6,2.3443
2021-10-01,281.668,283.972,254.756,338.948,1.821,3.385,3.663,4.8,1.526,26.45,0.08,4.8,2.535
2021-11-01,283.406,286.151,263.798,340.544,1.718,3.482,3.671,4.816,1.547,26.56,0.08,4.9,2.616
2021-12-01,285.18,287.812,267.899,341.931,1.788,3.408,3.743,4.965,1.532,26.76,0.08,4.8,2.4582
2022-01-01,286.757,290.077,270.189,342.858,1.929,3.413,3.787,5.135,1.555,26.91,0.08,4.9,2.4495
2022-02-01,288.273,292.899,275.322,344.705,2.005,3.592,3.875,5.247,1.578,26.97,0.08,4.9,2.4579
2022-03-01,289.056,295.546,303.099,346.396,2.046,4.312,3.917,5.41,1.607,27.1,0.2,5.4,2.8465
2022-04-01,290.514,298.339,295.455,348.23,2.52,4.271,4.012,5.529,1.612,27.28,0.33,5.4,2.884
2022-05-01,292.063,301.755,309.052,350.204,2.863,4.604,4.204,5.835,1.606,27.4,0.77,5.3,2.6886
2022-06-01,294.05,304.834,330.456,352.616,2.707,5.058,4.153,5.793,1.691,27.52,1.21,5.3,2.6176
2022-07-01,295.088,308.193,314.345,354.68,2.936,4.667,4.156,6.112,1.715,27.66,1.68,5.2,2.362
2022-08-01,296.535,310.794,298.331,357.048,3.116,4.101,4.194,6.235,1.756,27.75,2.33,4.8,2.5083
2022-09-01,298.226,312.901,294.103,359.601,2.902,3.881,4.181,6.17,1.749,27.87,2.56,4.7,2.3824
2022-10-01,299.399,315.038,299.945,362.353,3.419,4.016,4.184,6.408,1.814,27.99,3.08,5.0,2.3935
2022-11-01,300.325,316.62,298.107,364.695,3.589,3.853,4.218,6.356,1.847,28.11,3.78,5.0,2.371
2022-12-01,301.394,317.813,286.33,367.466,4.25,3.356,4.211,6.465,1.873,28.22,4.1,4.3,2.2595
2023-01-01,302.642,319.3,292.615,369.911,4.823,3.452,4.204,6.358,1.888,28.31,4.33,3.9,2.237
2023-02-01,304.123,320.543,288.702,372.636,4.211,3.514,4.163,6.351,1.896,28.42,4.57,4.2,2.3337
2023-03-01,305.147,320.554,282.868,374.678,3.446,3.551,4.098,6.184,1.936,28.56,4.65,3.6,2.3022
2023-04-01,306.534,321.213,280.86,376.404,3.27,3.735,4.042,6.04,1.989,28.7,4.83,4.7,2.2665
2023-05-01,307.652,322.009,274.273,378.304,2.666,3.685,4.042,6.094,1.951,28.78,5.06,4.2,2.2136
2023-06-01,308.322,322.365,275.712,380.155,2.219,3.712,3.985,6.091,1.937,28.89,5.08,3.3,2.2005
2023-07-01,308.96,323.201,275.548,381.895,2.094,3.732,3.971,6.141,1.98,29.01,5.12,3.4,2.2965
2023-08-01,309.58,324.042,287.31,382.947,2.043,3.955,3.927,6.091,1.97,29.06,5.33,3.5,2.3352
2023-09-01,310.539,324.379,292.623,385.285,2.065,3.988,3.965,6.085,1.972,29.18,5.33,3.2,2.342
2023-10-01,311.457,325.442,286.765,386.771,2.072,3.782,3.927,6.178,2.002,29.26,5.33,4.2,2.3862
2023-11-01,312.392,325.93,282.146,388.525,2.138,3.5,3.997,6.169,1.976,29.37,5.33,4.5,2.3043
2023-12-01,313.195,326.434,280.763,390.139,2.507,3.289,4.008,6.092,2.024,29.47,5.33,3.1,2.1845
2024-01-01,314.319,327.424,279.953,392.322,2.522,3.221,3.958,6.124,2.033,29.61,5.33,2.9,2.2662
2024-02-01,315.564,327.707,283.331,394.078,2.996,3.359,3.94,6.094,2.006,29.66,5.33,3.0,2.2825
2024-03-01,316.792,327.774,288.688,395.827,2.992,3.581,3.893,5.964,1.997,29.78,5.33,2.9,2.3115
2024-04-01,317.649,328.449,287.611,397.196,2.864,3.776,3.868,6.063,1.998,29.85,5.33,3.2,2.3941
2024-05-01,318.095,328.949,284.165,398.689,2.699,3.755,3.864,5.991,1.971,29.97,5.33,3.3,2.3341
2024-06-01,318.39,329.6,278.284,399.699,2.715,3.601,3.956,6.253,1.973,30.07,5.33,3.0,2.2553
2024-07-01,318.94,330.329,278.287,401.139,3.08,3.622,3.983,6.307,1.975,30.16,5.33,2.9,2.2745
2024-08-01,319.75,330.748,275.706,402.895,3.204,3.521,4.044,6.311,1.951,30.27,5.33,2.8,2.11
2024-09-01,320.732,331.753,272.681,403.956,3.821,3.344,4.021,6.47,1.976,30.39,5.13,2.7,2.1075
2024-10-01,321.731,332.463,273.003,405.721,3.37,3.279,4.041,6.644,1.937,30.48,4.83,2.7,2.2859
2024-11-01,322.657,333.629,273.281,407.114,3.649,3.181,4.138,6.868,1.916,30.56,4.64,2.6,2.3211
2024-12-01,323.259,334.464,279.829,408.165,4.146,3.145,4.101,6.776,1.912,30.66,4.48,2.8,2.3033
2025-01-01,324.638,335.441,282.272,409.579,4.953,3.211,4.025,7.019,1.925,30.79,4.33,3.3,2.4005
2025-02-01,325.465,336.065,282.096,410.793,5.897,3.261,4.026,7.246,1.925,30.89,4.33,4.3,2.4242
2025-03-01,325.69,337.331,278.906,411.639,6.227,3.232,4.05,7.385,1.88,31.02,4.33,5.0,2.3343
2025-04-01,326.467,337.493,277.343,413.04,5.122,3.33,4.074,7.536,1.913,31.09,4.33,6.5,2.241
2025-05-01,326.893,338.474,275.377,414.109,4.548,3.306,4.022,7.931,1.876,31.2,4.33,6.6,2.3133
2025-06-01,327.658,339.468,276.558,414.981,3.775,3.306,4.029,8.132,1.864,31.31,4.33,5.0,2.297
2025-07-01,328.682,339.891,274.85,415.931,3.599,3.285,4.162,8.414,1.851,31.39,4.33,4.5,2.3836
2025-08-01,329.7,341.32,276.734,417.555,3.587,3.295,4.171,8.872,1.841,31.49,4.33,4.8,2.3819
2025-09-01,330.418,342.086,280.7,418.422,3.488,3.339,4.129,9.139,1.867,31.56,4.22,4.7,2.3714
2025-10-01,,,,,,3.239,,,,31.7,4.09,4.6,2.305
2025-11-01,331.043,342.386,284.648,419.431,2.86,3.228,3.997,9.258,1.79,31.79,3.88,4.5,2.2661
2025-12-01,331.814,344.632,285.624,421.039,2.712,3.05,4.047,9.053,1.833,31.83,3.72,4.2,2.2441
2026-01-01,332.793,345.271,281.436,421.965,2.577,2.961,4.1,9.366,1.843,31.94,3.64,4.0,2.3065
2026-02-01,333.512,346.622,283.223,422.942,2.5,3.065,4.026,9.459,1.85,32.04,3.64,3.4,2.3011
2026-03-01,334.165,346.603,314.019,424.069,2.348,3.843,4.067,9.608,1.808,32.12,3.64,3.8,2.3368
2026-04-01,335.423,348.349,325.978,426.642,2.25,4.263,4.136,9.723,1.869,32.23,3.64,4.7,2.3823
2026-05-01,336.121,348.892,338.639,427.998,2.191,4.651,4.217,9.511,1.83,32.31,3.63,4.8,2.445
2026-06-01,336.065,349.609,319.29,428.501,2.141,4.195,4.317,9.457,1.814,32.38,3.63,4.6,2.2914
2026-07-01,336.789,349.881,314.553,429.095,2.189,4.094,4.313,9.317,1.82,32.42,3.63,4.2,2.2464
2026-08-01,337.765,350.309,321.148,430.227,2.272,4.2,4.229,9.299,1.823,32.53,3.63,4.0,2.2871
2026-09-01,,,,,,,,,,,3.75,,2.351
