vintage,target_date,horizon,forecast,lower_95,upper_95,created_at
2026-08-01,2026-09-01,1,3.4223,2.6226,4.2221,2026-09-30
2026-08-01,2026-10-01,2,3.4459,2.0838,4.8079,2026-09-30
2026-08-01,2026-11-01,3,3.4541,1.6437,5.2644,2026-09-30
2026-08-01,2026-12-01,4,3.4621,1.3088,5.6154,2026-09-30
2026-08-01,2027-01-01,5,3.47,1.0335,5.9064,2026-09-30
2026-08-01,2027-02-01,6,3.4776,0.7983,6.1569,2026-09-30
2026-08-01,2027-03-01,7,3.4851,0.5927,6.3776,2026-09-30
2026-08-01,2027-04-01,8,3.4925,0.41,6.5749,2026-09-30
2026-08-01,2027-05-01,9,3.4996,0.2459,6.7533,2026-09-30
2026-08-01,2027-06-01,10,3.5066,0.0973,6.916,2026-09-30
2026-08-01,2027-07-01,11,3.5135,-0.0383,7.0653,2026-09-30
2026-08-01,2027-08-01,12,3.5202,-0.1626,7.203,2026-09-30
