horizon,n,model_mae,model_rmse,naive_mae,naive_rmse,coverage_95
1,48,0.2719,0.3581,0.2828,0.388,91.6667
2,47,0.4607,0.6085,0.5035,0.6478,97.8723
3,46,0.5986,0.7644,0.6485,0.8414,100.0
4,45,0.7003,0.8971,0.7389,1.01,97.7778
5,44,0.7766,1.0203,0.8143,1.1595,97.7273
6,43,0.8226,1.1351,0.8825,1.3057,93.0233
7,42,0.8473,1.2248,0.9178,1.4396,95.2381
8,41,0.8755,1.3087,0.9769,1.5556,95.122
9,40,0.9508,1.4261,1.0798,1.6911,92.5
10,39,1.0008,1.4807,1.1498,1.7746,94.8718
11,38,1.0473,1.4701,1.2135,1.7949,94.7368
12,37,1.1014,1.4996,1.2747,1.8411,100.0
