order,mae,rmse,aic
"(2, 0, 2)",0.37814520303982463,0.4874644692801604,976.0198388780532
"(2, 0, 1)",0.37857615122040555,0.489724966308437,983.1235186654905
"(1, 0, 2)",0.39517670067151184,0.4904755817416212,990.9771379828564
"(1, 0, 1)",0.401465379854587,0.4940918540587959,1007.6923909495317
"(1, 1, 2)",0.40407956968353576,0.49876034357812815,986.263005237513
"(2, 1, 1)",0.4152820186227339,0.5049141790740543,985.6467831445669
"(1, 0, 0)",0.42037753321380156,0.5091055642881459,1150.7171908220812
"(1, 1, 1)",0.4336313346534091,0.518905923882648,986.1254706588476
"(0, 0, 1)",0.5407501861913314,0.6506049076362249,3381.7911623132627
