date,model,actual,forecast,error
2022-09-01,naive,8.1921,8.2226,-0.0305
2022-09-01,arima,8.1921,8.0567,0.1354
2022-09-01,arimax,8.1921,8.0238,0.1683
2022-09-01,gbm,8.1921,7.9684,0.2237
2022-10-01,naive,7.7588,8.1921,-0.4333
2022-10-01,arima,7.7588,8.1693,-0.4105
2022-10-01,arimax,7.7588,8.1627,-0.4039
2022-10-01,gbm,7.7588,7.6607,0.0981
2022-11-01,naive,7.1229,7.7588,-0.636
2022-11-01,arima,7.1229,7.5391,-0.4163
2022-11-01,arimax,7.1229,7.5097,-0.3868
2022-11-01,gbm,7.1229,7.3018,-0.1789
2022-12-01,naive,6.4046,7.1229,-0.7183
2022-12-01,arima,6.4046,6.8294,-0.4248
2022-12-01,arimax,6.4046,6.7866,-0.382
2022-12-01,gbm,6.4046,6.6497,-0.2451
2023-01-01,naive,6.3272,6.4046,-0.0774
2023-01-01,arima,6.3272,6.1194,0.2078
2023-01-01,arimax,6.3272,6.0615,0.2657
2023-01-01,gbm,6.3272,5.8921,0.4351
2023-02-01,naive,5.9578,6.3272,-0.3694
2023-02-01,arima,5.9578,6.2956,-0.3377
2023-02-01,arimax,5.9578,6.3114,-0.3536
2023-02-01,gbm,5.9578,6.2158,-0.258
2023-03-01,naive,4.9177,5.9578,-1.0401
2023-03-01,arima,4.9177,5.8118,-0.8941
2023-03-01,arimax,4.9177,5.7854,-0.8677
2023-03-01,gbm,4.9177,5.449,-0.5313
2023-04-01,naive,4.9501,4.9177,0.0324
2023-04-01,arima,4.9501,4.4848,0.4653
2023-04-01,arimax,4.9501,4.4456,0.5045
2023-04-01,gbm,4.9501,4.7263,0.2238
2023-05-01,naive,4.1319,4.9501,-0.8182
2023-05-01,arima,4.1319,4.9785,-0.8466
2023-05-01,arimax,4.1319,4.9946,-0.8627
2023-05-01,gbm,4.1319,4.8913,-0.7595
2023-06-01,naive,3.0706,4.1319,-1.0612
2023-06-01,arima,3.0706,3.8636,-0.793
2023-06-01,arimax,3.0706,3.8165,-0.7458
2023-06-01,gbm,3.0706,3.4173,-0.3467
2023-07-01,naive,3.2877,3.0706,0.2171
2023-07-01,arima,3.2877,2.6444,0.6433
2023-07-01,arimax,3.2877,2.6321,0.6557
2023-07-01,gbm,3.2877,2.8146,0.4731
2023-08-01,naive,3.7225,3.2877,0.4348
2023-08-01,arima,3.7225,3.4393,0.2832
2023-08-01,arimax,3.7225,3.4362,0.2863
2023-08-01,gbm,3.7225,3.3185,0.404
2023-09-01,naive,3.6872,3.7225,-0.0353
2023-09-01,arima,3.6872,3.9308,-0.2436
2023-09-01,arimax,3.6872,3.9434,-0.2562
2023-09-01,gbm,3.6872,3.6809,0.0063
2023-10-01,naive,3.2513,3.6872,-0.4359
2023-10-01,arima,3.2513,3.6346,-0.3833
2023-10-01,arimax,3.2513,3.6553,-0.404
2023-10-01,gbm,3.2513,3.8367,-0.5855
2023-11-01,naive,3.1333,3.2513,-0.1179
2023-11-01,arima,3.1333,3.0757,0.0576
2023-11-01,arimax,3.1333,3.0508,0.0825
2023-11-01,gbm,3.1333,3.2218,-0.0885
2023-12-01,naive,3.3159,3.1333,0.1826
2023-12-01,arima,3.3159,3.1166,0.1993
2023-12-01,arimax,3.3159,3.1126,0.2034
2023-12-01,gbm,3.3159,3.274,0.042
2024-01-01,naive,3.0883,3.3159,-0.2276
2024-01-01,arima,3.0883,3.4156,-0.3273
2024-01-01,arimax,3.0883,3.4201,-0.3317
2024-01-01,gbm,3.0883,3.4231,-0.3348
2024-02-01,naive,3.1571,3.0883,0.0687
2024-02-01,arima,3.1571,3.0022,0.1549
2024-02-01,arimax,3.1571,2.9797,0.1774
2024-02-01,gbm,3.1571,3.1264,0.0307
2024-03-01,naive,3.4868,3.1571,0.3298
2024-03-01,arima,3.4868,3.1869,0.2999
2024-03-01,arimax,3.4868,3.2095,0.2774
2024-03-01,gbm,3.4868,3.813,-0.3262
2024-04-01,naive,3.3608,3.4868,-0.126
2024-04-01,arima,3.3608,3.6368,-0.276
2024-04-01,arimax,3.3608,3.6528,-0.292
2024-04-01,gbm,3.3608,3.5046,-0.1438
2024-05-01,naive,3.2443,3.3608,-0.1165
2024-05-01,arima,3.2443,3.3036,-0.0593
2024-05-01,arimax,3.2443,3.2865,-0.0422
2024-05-01,gbm,3.2443,3.5574,-0.3131
2024-06-01,naive,2.9703,3.2443,-0.274
2024-06-01,arima,2.9703,3.1944,-0.2241
2024-06-01,arimax,2.9703,3.1969,-0.2266
2024-06-01,gbm,2.9703,3.8745,-0.9042
2024-07-01,naive,2.9415,2.9703,-0.0288
2024-07-01,arima,2.9415,2.8909,0.0505
2024-07-01,arimax,2.9415,2.851,0.0905
2024-07-01,gbm,2.9415,2.7423,0.1992
2024-08-01,naive,2.6071,2.9415,-0.3343
2024-08-01,arima,2.6071,2.9491,-0.3419
2024-08-01,arimax,2.6071,2.9531,-0.3459
2024-08-01,gbm,2.6071,2.7993,-0.1921
2024-09-01,naive,2.4265,2.6071,-0.1807
2024-09-01,arima,2.4265,2.5039,-0.0775
2024-09-01,arimax,2.4265,2.4689,-0.0424
2024-09-01,gbm,2.4265,2.5266,-0.1001
2024-10-01,naive,2.5788,2.4265,0.1524
2024-10-01,arima,2.5788,2.3767,0.2022
2024-10-01,arimax,2.5788,2.3601,0.2187
2024-10-01,gbm,2.5788,2.4585,0.1204
2024-11-01,naive,2.7195,2.5788,0.1406
2024-11-01,arima,2.7195,2.6755,0.044
2024-11-01,arimax,2.7195,2.686,0.0335
2024-11-01,gbm,2.7195,2.7076,0.0119
2024-12-01,naive,2.8707,2.7195,0.1512
2024-12-01,arima,2.8707,2.7897,0.0809
2024-12-01,arimax,2.8707,2.7873,0.0834
2024-12-01,gbm,2.8707,2.6598,0.2109
2025-01-01,naive,2.991,2.8707,0.1203
2025-01-01,arima,2.991,2.93,0.0609
2025-01-01,arimax,2.991,2.9432,0.0478
2025-01-01,gbm,2.991,3.0319,-0.0409
2025-02-01,naive,2.8016,2.991,-0.1894
2025-02-01,arima,2.8016,3.0451,-0.2435
2025-02-01,arimax,2.8016,3.0552,-0.2536
2025-02-01,gbm,2.8016,2.9799,-0.1784
2025-03-01,naive,2.382,2.8016,-0.4196
2025-03-01,arima,2.382,2.735,-0.353
2025-03-01,arimax,2.382,2.7074,-0.3254
2025-03-01,gbm,2.382,2.5491,-0.1671
2025-04-01,naive,2.3254,2.382,-0.0566
2025-04-01,arima,2.3254,2.2368,0.0886
2025-04-01,arimax,2.3254,2.1876,0.1378
2025-04-01,gbm,2.3254,2.3839,-0.0585
2025-05-01,naive,2.3773,2.3254,0.0519
2025-05-01,arima,2.3773,2.3426,0.0347
2025-05-01,arimax,2.3773,2.3462,0.031
2025-05-01,gbm,2.3773,2.4503,-0.073
2025-06-01,naive,2.6805,2.3773,0.3032
2025-06-01,arima,2.6805,2.4346,0.2458
2025-06-01,arimax,2.6805,2.4225,0.258
2025-06-01,gbm,2.6805,2.5432,0.1373
2025-07-01,naive,2.7426,2.6805,0.0622
2025-07-01,arima,2.7426,2.8084,-0.0658
2025-07-01,arimax,2.7426,2.8341,-0.0915
2025-07-01,gbm,2.7426,2.7189,0.0237
2025-08-01,naive,2.9386,2.7426,0.196
2025-08-01,arima,2.9386,2.7746,0.164
2025-08-01,arimax,2.9386,2.7723,0.1663
2025-08-01,gbm,2.9386,2.8811,0.0574
2025-09-01,naive,3.0226,2.9386,0.084
2025-09-01,arima,3.0226,3.0139,0.0086
2025-09-01,arimax,3.0226,3.0236,-0.0011
2025-09-01,gbm,3.0226,3.0675,-0.0449
2025-10-01,naive,2.8587,3.0226,-0.1639
2025-10-01,arima,2.8587,3.0668,-0.208
2025-10-01,arimax,2.8587,3.0737,-0.215
2025-10-01,gbm,2.8587,2.9805,-0.1218
2025-11-01,naive,2.6964,2.8587,-0.1623
2025-11-01,arima,2.6964,2.7974,-0.1009
2025-11-01,arimax,2.6964,2.7871,-0.0906
2025-11-01,gbm,2.6964,2.728,-0.0316
2025-12-01,naive,2.6533,2.6964,-0.0431
2025-12-01,arima,2.6533,2.6504,0.0029
2025-12-01,arimax,2.6533,2.6464,0.0069
2025-12-01,gbm,2.6533,2.5656,0.0877
2026-01-01,naive,2.3912,2.6533,-0.2621
2026-01-01,arima,2.3912,2.665,-0.2738
2026-01-01,arimax,2.3912,2.6365,-0.2453
2026-01-01,gbm,2.3912,2.6364,-0.2452
2026-02-01,naive,2.434,2.3912,0.0428
2026-02-01,arima,2.434,2.3124,0.1216
2026-02-01,arimax,2.434,2.284,0.15
2026-02-01,gbm,2.434,2.4147,0.0193
2026-03-01,naive,3.286,2.434,0.852
2026-03-01,arima,3.286,2.4731,0.8129
2026-03-01,arimax,3.286,2.4758,0.8101
2026-03-01,gbm,3.286,2.5959,0.69
2026-04-01,naive,3.7792,3.286,0.4933
2026-04-01,arima,3.7792,3.6407,0.1385
2026-04-01,arimax,3.7792,3.7456,0.0337
2026-04-01,gbm,3.7792,3.5862,0.193
2026-05-01,naive,4.1666,3.7792,0.3874
2026-05-01,arima,4.1666,3.9511,0.2155
2026-05-01,arimax,4.1666,3.9637,0.2029
2026-05-01,gbm,4.1666,4.0042,0.1624
2026-06-01,naive,3.4635,4.1666,-0.7031
2026-06-01,arima,3.4635,4.2655,-0.802
2026-06-01,arimax,3.4635,4.3255,-0.862
2026-06-01,gbm,3.4635,4.2198,-0.7563
2026-07-01,naive,3.3039,3.4635,-0.1597
2026-07-01,arima,3.3039,3.1804,0.1234
2026-07-01,arimax,3.3039,3.0922,0.2116
2026-07-01,gbm,3.3039,2.8524,0.4514
2026-08-01,naive,3.353,3.3039,0.0492
2026-08-01,arima,3.353,3.2491,0.1039
2026-08-01,arimax,3.353,3.2563,0.0967
2026-08-01,gbm,3.353,3.2973,0.0558
