model,mae,rmse
"ARIMA(1, 0, 2)",0.19054218189863623,0.28007500211895653
"ARIMA(1, 0, 1)",0.19095116636669715,0.2822345922936858
"ARIMA(2, 0, 1)",0.1952510564685339,0.28958968820669945
"ARIMA(1, 1, 1)",0.19956179477668964,0.2919803891823946
"ARIMA(2, 1, 1)",0.20156133628664388,0.29360272020706535
"ARIMA(2, 0, 2)",0.1968644302678099,0.29408798087646404
"ARIMA(1, 1, 2)",0.20038706274404905,0.297068649597311
"ARIMA(1, 0, 0)",0.22314713035864245,0.30311481740119517
Naive baseline,0.2261096865609121,0.3054413187195842
"ARIMA(0, 0, 1)",0.41022318247704526,0.44516471301342003
