date,mean,mean_se,mean_ci_lower,mean_ci_upper
2026-09-01,3.8168345864936555,0.4077107078124275,3.017736283069964,4.615932889917347
2026-10-01,3.850589529616472,0.6946279763398493,2.4891437133364267,5.212035345896517
2026-11-01,3.8502400059842796,0.9229027324741342,2.041383889101372,5.659096122867187
2026-12-01,3.8498982538585493,1.097612672835318,1.698616946126581,6.001179561590518
2027-01-01,3.8495641004432044,1.241867317717017,1.4155488841404904,6.283579316745918
2027-02-01,3.849237376784212,1.3656041342216148,1.1727024565708448,6.525772296997578
2027-03-01,3.8489179176841604,1.4742207578304483,0.9594983270751367,6.738337508293184
2027-04-01,3.8486055616187307,1.5710553535825307,0.7693936508781305,6.927817472359331
2027-05-01,3.8483001506550267,1.6583532113100365,0.597987582841013,7.09861271846904
2027-06-01,3.8480015303717217,1.7377164439579071,0.44213988487120837,7.253863175872235
2027-07-01,3.8477095497809803,1.8103395522273404,0.2995092276270248,7.395909871934936
2027-08-01,3.8474240612521164,1.8771438772375917,0.16828966806655998,7.526558454437673
